,,,,kp,3,,kd,1.5
,,,,ki,0.05,,,
,,,,p,i,d,pid,
-5.09,5.09,0.02,,-15.27,,,,
-5.72,5.72,0.02,,-17.16,,,,
-6.28,6.28,0.02,,-18.84,,,,
-6.47,6.47,0.02,,-19.41,,,,
-6.59,6.59,0.02,,-19.77,,,,
-6.53,6.53,0.02,,-19.59,,,,
-6.28,6.28,0.02,,-18.84,,,,
-5.97,5.97,0.02,,-17.91,,,,
-5.28,5.28,0.02,,-15.84,,,,
-4.53,4.53,0.02,,-13.59,,,,
-3.47,3.47,0.02,,-10.41,,,,
-2.85,2.85,0.02,,-8.55,,,,
-1.66,1.66,0.02,,-4.98,,,,
-0.28,0.28,0.02,,-0.84,,,,
1.03,-1.03,0.02,,3.09,,,,
1.59,-1.59,0.02,,4.77,,,,
2.91,-2.91,0.02,,8.73,,,,
4.03,-4.03,0.02,,12.09,,,,
4.91,-4.91,0.02,,14.73,,,,
5.47,-5.47,0.02,,16.41,,,,
5.78,-5.78,0.02,,17.34,,,,
5.97,-5.97,0.02,,17.91,,,,
5.72,-5.72,0.02,,17.16,,,,
5.16,-5.16,0.02,,15.48,,,,
4.84,-4.84,0.02,,14.52,,,,
3.84,-3.84,0.02,,11.52,,,,
2.41,-2.41,0.02,,7.23,,,,
0.72,-0.72,0.02,,2.16,,,,
-0.22,0.22,0.02,,-0.66,,,,
-2.22,2.22,0.02,,-6.66,,,,
-4.41,4.41,0.02,,-13.23,,,,
-6.66,6.66,0.02,,-19.98,,,,
-7.72,7.72,0.02,,-23.16,,,,
-9.72,9.72,0.02,,-29.16,,,,
-11.6,11.6,0.02,,-34.8,,,,
-13.22,13.22,0.02,,-39.66,,,,
-14.41,14.41,0.02,,-43.23,,,,
-15.1,15.1,0.02,,-45.3,,,,
-15.28,15.28,0.02,,-45.84,,,,
-14.85,14.85,0.02,,-44.55,,,,
-13.91,13.91,0.02,,-41.73,,,,
-12.41,12.41,0.02,,-37.23,,,,
-10.41,10.41,0.02,,-31.23,,,,
-7.97,7.97,0.02,,-23.91,,,,
-6.66,6.66,0.02,,-19.98,,,,
-3.66,3.66,0.02,,-10.98,,,,
-0.47,0.47,0.02,,-1.41,,,,
2.66,-2.66,0.02,,7.98,,,,
4.28,-4.28,0.02,,12.84,,,,
7.47,-7.47,0.02,,22.41,,,,
10.34,-10.34,0.02,,31.02,,,,
12.9,-12.9,0.02,,38.7,,,,
15.03,-15.03,0.02,,45.09,,,,
16.72,-16.72,0.02,,50.16,,,,
17.72,-17.72,0.02,,53.16,,,,
18.09,-18.09,0.02,,54.27,,,,
17.78,-17.78,0.02,,53.34,,,,
16.72,-16.72,0.02,,50.16,,,,
14.84,-14.84,0.02,,44.52,,,,
12.09,-12.09,0.02,,36.27,,,,
8.78,-8.78,0.02,,26.34,,,,
6.91,-6.91,0.02,,20.73,,,,
2.78,-2.78,0.02,,8.34,,,,
-1.53,1.53,0.02,,-4.59,,,,
-6.41,6.41,0.02,,-19.23,,,,
-8.66,8.66,0.02,,-25.98,,,,
-13.53,13.53,0.02,,-40.59,,,,
-18.22,18.22,0.02,,-54.66,,,,
-22.66,22.66,0.02,,-67.98,,,,
-26.66,26.66,0.02,,-79.98,,,,
-30.09,30.09,0.02,,-90.27,,,,
-33.1,33.1,0.02,,-99.3,,,,
-35.78,35.78,0.02,,-107.34,,,,
-37.91,37.91,0.02,,-113.73,,,,
-39.66,39.66,0.02,,-118.98,,,,
-40.91,40.91,0.02,,-122.73,,,,
-41.72,41.72,0.02,,-125.16,,,,
-41.97,41.97,0.02,,-125.91,,,,
-41.66,41.66,0.02,,-124.98,,,,
-40.78,40.78,0.02,,-122.34,,,,
-39.28,39.28,0.02,,-117.84,,,,
-37.16,37.16,0.02,,-111.48,,,,
-34.6,34.6,0.02,,-103.8,,,,
-31.78,31.78,0.02,,-95.34,,,,
-28.66,28.66,0.02,,-85.98,,,,
-25.22,25.22,0.02,,-75.66,,,,
-21.34,21.34,0.02,,-64.02,,,,
-17.34,17.34,0.02,,-52.02,,,,
-13.28,13.28,0.02,,-39.84,,,,
-9.03,9.03,0.02,,-27.09,,,,
-6.59,6.59,0.02,,-19.77,,,,
-2.41,2.41,0.02,,-7.23,,,,
1.78,-1.78,0.02,,5.34,,,,
3.84,-3.84,0.02,,11.52,,,,
7.66,-7.66,0.02,,22.98,,,,
10.78,-10.78,0.02,,32.34,,,,
13.28,-13.28,0.02,,39.84,,,,
15.09,-15.09,0.02,,45.27,,,,
16.03,-16.03,0.02,,48.09,,,,
16.22,-16.22,0.02,,48.66,,,,
15.47,-15.47,0.02,,46.41,,,,
13.84,-13.84,0.02,,41.52,,,,
11.53,-11.53,0.02,,34.59,,,,
8.34,-8.34,0.02,,25.02,,,,
4.53,-4.53,0.02,,13.59,,,,
2.47,-2.47,0.02,,7.41,,,,
-1.97,1.97,0.02,,-5.91,,,,
-6.91,6.91,0.02,,-20.73,,,,
-12.16,12.16,0.02,,-36.48,,,,
-17.59,17.59,0.02,,-52.77,,,,
-22.84,22.84,0.02,,-68.52,,,,
-27.84,27.84,0.02,,-83.52,,,,
-32.41,32.41,0.02,,-97.23,,,,
-34.35,34.35,0.02,,-103.05,,,,
-38.47,38.47,0.02,,-115.41,,,,
-42.1,42.1,0.02,,-126.3,,,,
-45.22,45.22,0.02,,-135.66,,,,
-47.97,47.97,0.02,,-143.91,,,,
-50.28,50.28,0.02,,-150.84,,,,
-51.97,51.97,0.02,,-155.91,,,,
-52.91,52.91,0.02,,-158.73,,,,
-53.22,53.22,0.02,,-159.66,,,,
-52.78,52.78,0.02,,-158.34,,,,
-51.66,51.66,0.02,,-154.98,,,,
-49.78,49.78,0.02,,-149.34,,,,
-47.47,47.47,0.02,,-142.41,,,,
-44.53,44.53,0.02,,-133.59,,,,
-41.03,41.03,0.02,,-123.09,,,,
-37.35,37.35,0.02,,-112.05,,,,
-33.22,33.22,0.02,,-99.66,,,,
-28.59,28.59,0.02,,-85.77,,,,
-23.78,23.78,0.02,,-71.34,,,,
-19.16,19.16,0.02,,-57.48,,,,
-14.53,14.53,0.02,,-43.59,,,,
-10.22,10.22,0.02,,-30.66,,,,
-6.34,6.34,0.02,,-19.02,,,,
-2.97,2.97,0.02,,-8.91,,,,
-1.66,1.66,0.02,,-4.98,,,,
0.72,-0.72,0.02,,2.16,,,,
2.28,-2.28,0.02,,6.84,,,,
3.16,-3.16,0.02,,9.48,,,,
3.34,-3.34,0.02,,10.02,,,,
3.03,-3.03,0.02,,9.09,,,,
2.03,-2.03,0.02,,6.09,,,,
0.28,-0.28,0.02,,0.84,,,,
-0.66,0.66,0.02,,-1.98,,,,
-3.35,3.35,0.02,,-10.05,,,,
-6.41,6.41,0.02,,-19.23,,,,
-9.78,9.78,0.02,,-29.34,,,,
-11.72,11.72,0.02,,-35.16,,,,
-15.6,15.6,0.02,,-46.8,,,,
-19.59,19.59,0.02,,-58.77,,,,
-23.53,23.53,0.02,,-70.59,,,,
-27.34,27.34,0.02,,-82.02,,,,
-30.97,30.97,0.02,,-92.91,,,,
-34.35,34.35,0.02,,-103.05,,,,
-37.28,37.28,0.02,,-111.84,,,,
-39.78,39.78,0.02,,-119.34,,,,
-41.72,41.72,0.02,,-125.16,,,,
-43.03,43.03,0.02,,-129.09,,,,
-43.66,43.66,0.02,,-130.98,,,,
-43.6,43.6,0.02,,-130.8,,,,
-42.91,42.91,0.02,,-128.73,,,,
-41.41,41.41,0.02,,-124.23,,,,
-39.16,39.16,0.02,,-117.48,,,,
-36.35,36.35,0.02,,-109.05,,,,
-32.91,32.91,0.02,,-98.73,,,,
-29.03,29.03,0.02,,-87.09,,,,
-24.66,24.66,0.02,,-73.98,,,,
-19.91,19.91,0.02,,-59.73,,,,
-15.03,15.03,0.02,,-45.09,,,,
-9.97,9.97,0.02,,-29.91,,,,
-5.03,5.03,0.02,,-15.09,,,,
-2.6,2.6,0.02,,-7.8,,,,
1.97,-1.97,0.02,,5.91,,,,
6.16,-6.16,0.02,,18.48,,,,
9.72,-9.72,0.02,,29.16,,,,
11.4,-11.4,0.02,,34.2,,,,
13.84,-13.84,0.02,,41.52,,,,
15.53,-15.53,0.02,,46.59,,,,
16.47,-16.47,0.02,,49.41,,,,
16.34,-16.34,0.02,,49.02,,,,
15.53,-15.53,0.02,,46.59,,,,
13.84,-13.84,0.02,,41.52,,,,
11.47,-11.47,0.02,,34.41,,,,
8.53,-8.53,0.02,,25.59,,,,
4.97,-4.97,0.02,,14.91,,,,
0.97,-0.97,0.02,,2.91,,,,
-1.1,1.1,0.02,,-3.3,,,,
-5.53,5.53,0.02,,-16.59,,,,
-10.1,10.1,0.02,,-30.3,,,,
-14.6,14.6,0.02,,-43.8,,,,
-18.84,18.84,0.02,,-56.52,,,,
-22.91,22.91,0.02,,-68.73,,,,
-26.41,26.41,0.02,,-79.23,,,,
-29.34,29.34,0.02,,-88.02,,,,
-31.66,31.66,0.02,,-94.98,,,,
-33.78,33.78,0.02,,-101.34,,,,
-35.28,35.28,0.02,,-105.84,,,,
-36.41,36.41,0.02,,-109.23,,,,
-36.97,36.97,0.02,,-110.91,,,,
-37.1,37.1,0.02,,-111.3,,,,
-36.53,36.53,0.02,,-109.59,,,,
-36.1,36.1,0.02,,-108.3,,,,
-34.41,34.41,0.02,,-103.23,,,,
-32.03,32.03,0.02,,-96.09,,,,
-29.28,29.28,0.02,,-87.84,,,,
-25.78,25.78,0.02,,-77.34,,,,
-22.09,22.09,0.02,,-66.27,,,,
-18.03,18.03,0.02,,-54.09,,,,
-13.91,13.91,0.02,,-41.73,,,,
-9.66,9.66,0.02,,-28.98,,,,
-5.47,5.47,0.02,,-16.41,,,,
-1.53,1.53,0.02,,-4.59,,,,
2.03,-2.03,0.02,,6.09,,,,
3.78,-3.78,0.02,,11.34,,,,
6.66,-6.66,0.02,,19.98,,,,
8.9,-8.9,0.02,,26.7,,,,
10.53,-10.53,0.02,,31.59,,,,
11.03,-11.03,0.02,,33.09,,,,
11.59,-11.59,0.02,,34.77,,,,
11.4,-11.4,0.02,,34.2,,,,
10.65,-10.65,0.02,,31.95,,,,
9.28,-9.28,0.02,,27.84,,,,
7.28,-7.28,0.02,,21.84,,,,
4.91,-4.91,0.02,,14.73,,,,
2.03,-2.03,0.02,,6.09,,,,
0.4,-0.4,0.02,,1.2,,,,
-2.78,2.78,0.02,,-8.34,,,,
-6.47,6.47,0.02,,-19.41,,,,
-9.91,9.91,0.02,,-29.73,,,,
-13.47,13.47,0.02,,-40.41,,,,
-15.1,15.1,0.02,,-45.3,,,,
-18.53,18.53,0.02,,-55.59,,,,
-21.66,21.66,0.02,,-64.98,,,,
-24.22,24.22,0.02,,-72.66,,,,
-26.53,26.53,0.02,,-79.59,,,,
-28.59,28.59,0.02,,-85.77,,,,
-30.22,30.22,0.02,,-90.66,,,,
-31.59,31.59,0.02,,-94.77,,,,
-32.41,32.41,0.02,,-97.23,,,,
-32.41,32.41,0.02,,-97.23,,,,
-31.72,31.72,0.02,,-95.16,,,,
-30.41,30.41,0.02,,-91.23,,,,
-28.41,28.41,0.02,,-85.23,,,,
-25.78,25.78,0.02,,-77.34,,,,
-22.59,22.59,0.02,,-67.77,,,,
-19.22,19.22,0.02,,-57.66,,,,
-15.35,15.35,0.02,,-46.05,,,,
-11.1,11.1,0.02,,-33.3,,,,
-6.66,6.66,0.02,,-19.98,,,,
-1.91,1.91,0.02,,-5.73,,,,
0.34,-0.34,0.02,,1.02,,,,
5.03,-5.03,0.02,,15.09,,,,
9.34,-9.34,0.02,,28.02,,,,
13.47,-13.47,0.02,,40.41,,,,
17.09,-17.09,0.02,,51.27,,,,
20.03,-20.03,0.02,,60.09,,,,
22.47,-22.47,0.02,,67.41,,,,
24.34,-24.34,0.02,,73.02,,,,
25.4,-25.4,0.02,,76.2,,,,
25.84,-25.84,0.02,,77.52,,,,
25.72,-25.72,0.02,,77.16,,,,
25.03,-25.03,0.02,,75.09,,,,
23.53,-23.53,0.02,,70.59,,,,
21.4,-21.4,0.02,,64.2,,,,
18.59,-18.59,0.02,,55.77,,,,
15.22,-15.22,0.02,,45.66,,,,
11.53,-11.53,0.02,,34.59,,,,
7.34,-7.34,0.02,,22.02,,,,
3.03,-3.03,0.02,,9.09,,,,
-1.41,1.41,0.02,,-4.23,,,,
-5.97,5.97,0.02,,-17.91,,,,
-8.28,8.28,0.02,,-24.84,,,,
-12.6,12.6,0.02,,-37.8,,,,
-16.53,16.53,0.02,,-49.59,,,,
-20.09,20.09,0.02,,-60.27,,,,
-23.09,23.09,0.02,,-69.27,,,,
-25.47,25.47,0.02,,-76.41,,,,
-27.91,27.91,0.02,,-83.73,,,,
-29.53,29.53,0.02,,-88.59,,,,
-30.78,30.78,0.02,,-92.34,,,,
-31.72,31.72,0.02,,-95.16,,,,
-32.28,32.28,0.02,,-96.84,,,,
-32.22,32.22,0.02,,-96.66,,,,
-31.41,31.41,0.02,,-94.23,,,,
-29.97,29.97,0.02,,-89.91,,,,
-27.78,27.78,0.02,,-83.34,,,,
-24.97,24.97,0.02,,-74.91,,,,
-21.59,21.59,0.02,,-64.77,,,,
-18.09,18.09,0.02,,-54.27,,,,
-14.28,14.28,0.02,,-42.84,,,,
-12.22,12.22,0.02,,-36.66,,,,
-8.1,8.1,0.02,,-24.3,,,,
-3.85,3.85,0.02,,-11.55,,,,
0.47,-0.47,0.02,,1.41,,,,
4.59,-4.59,0.02,,13.77,,,,
8.53,-8.53,0.02,,25.59,,,,
10.34,-10.34,0.02,,31.02,,,,
13.65,-13.65,0.02,,40.95,,,,
16.53,-16.53,0.02,,49.59,,,,
18.53,-18.53,0.02,,55.59,,,,
20.03,-20.03,0.02,,60.09,,,,
20.9,-20.9,0.02,,62.7,,,,
21.15,-21.15,0.02,,63.45,,,,
20.72,-20.72,0.02,,62.16,,,,
19.65,-19.65,0.02,,58.95,,,,
17.84,-17.84,0.02,,53.52,,,,
15.47,-15.47,0.02,,46.41,,,,
12.47,-12.47,0.02,,37.41,,,,
9.09,-9.09,0.02,,27.27,,,,
5.34,-5.34,0.02,,16.02,,,,
3.34,-3.34,0.02,,10.02,,,,
-0.66,0.66,0.02,,-1.98,,,,
-4.91,4.91,0.02,,-14.73,,,,
-9.22,9.22,0.02,,-27.66,,,,
-11.41,11.41,0.02,,-34.23,,,,
-15.47,15.47,0.02,,-46.41,,,,
-19.22,19.22,0.02,,-57.66,,,,
-22.59,22.59,0.02,,-67.77,,,,
-25.41,25.41,0.02,,-76.23,,,,
-27.84,27.84,0.02,,-83.52,,,,
-30.03,30.03,0.02,,-90.09,,,,
-31.72,31.72,0.02,,-95.16,,,,
-33.03,33.03,0.02,,-99.09,,,,
-34.1,34.1,0.02,,-102.3,,,,
-34.72,34.72,0.02,,-104.16,,,,
-34.66,34.66,0.02,,-103.98,,,,
-33.85,33.85,0.02,,-101.55,,,,
-32.41,32.41,0.02,,-97.23,,,,
-30.16,30.16,0.02,,-90.48,,,,
-27.34,27.34,0.02,,-82.02,,,,
-23.97,23.97,0.02,,-71.91,,,,
-20.22,20.22,0.02,,-60.66,,,,
-16.16,16.16,0.02,,-48.48,,,,
-11.97,11.97,0.02,,-35.91,,,,
-7.41,7.41,0.02,,-22.23,,,,
-2.72,2.72,0.02,,-8.16,,,,
-0.53,0.53,0.02,,-1.59,,,,
3.97,-3.97,0.02,,11.91,,,,
8.28,-8.28,0.02,,24.84,,,,
12.15,-12.15,0.02,,36.45,,,,
15.4,-15.4,0.02,,46.2,,,,
17.9,-17.9,0.02,,53.7,,,,
19.9,-19.9,0.02,,59.7,,,,
21.09,-21.09,0.02,,63.27,,,,
21.47,-21.47,0.02,,64.41,,,,
21.59,-21.59,0.02,,64.77,,,,
20.97,-20.97,0.02,,62.91,,,,
19.53,-19.53,0.02,,58.59,,,,
17.4,-17.4,0.02,,52.2,,,,
14.59,-14.59,0.02,,43.77,,,,
11.22,-11.22,0.02,,33.66,,,,
7.53,-7.53,0.02,,22.59,,,,
3.41,-3.41,0.02,,10.23,,,,
-0.97,0.97,0.02,,-2.91,,,,
-5.59,5.59,0.02,,-16.77,,,,
-7.78,7.78,0.02,,-23.34,,,,
-12.35,12.35,0.02,,-37.05,,,,
-16.78,16.78,0.02,,-50.34,,,,
-20.84,20.84,0.02,,-62.52,,,,
-24.53,24.53,0.02,,-73.59,,,,
-27.72,27.72,0.02,,-83.16,,,,
-30.28,30.28,0.02,,-90.84,,,,
-32.72,32.72,0.02,,-98.16,,,,
-34.41,34.41,0.02,,-103.23,,,,
-35.6,35.6,0.02,,-106.8,,,,
-36.47,36.47,0.02,,-109.41,,,,
-36.78,36.78,0.02,,-110.34,,,,
-36.41,36.41,0.02,,-109.23,,,,
-35.03,35.03,0.02,,-105.09,,,,
-33.1,33.1,0.02,,-99.3,,,,
-30.28,30.28,0.02,,-90.84,,,,
-26.84,26.84,0.02,,-80.52,,,,
-23.16,23.16,0.02,,-69.48,,,,
-18.91,18.91,0.02,,-56.73,,,,
-14.41,14.41,0.02,,-43.23,,,,
-12.22,12.22,0.02,,-36.66,,,,
-7.34,7.34,0.02,,-22.02,,,,
-2.47,2.47,0.02,,-7.41,,,,
2.41,-2.41,0.02,,7.23,,,,
7.28,-7.28,0.02,,21.84,,,,
11.84,-11.84,0.02,,35.52,,,,
13.97,-13.97,0.02,,41.91,,,,
17.84,-17.84,0.02,,53.52,,,,
21.22,-21.22,0.02,,63.66,,,,
23.9,-23.9,0.02,,71.7,,,,
25.84,-25.84,0.02,,77.52,,,,
27.15,-27.15,0.02,,81.45,,,,
27.65,-27.65,0.02,,82.95,,,,
27.34,-27.34,0.02,,82.02,,,,
26.34,-26.34,0.02,,79.02,,,,
24.53,-24.53,0.02,,73.59,,,,
22.03,-22.03,0.02,,66.09,,,,
18.97,-18.97,0.02,,56.91,,,,
15.4,-15.4,0.02,,46.2,,,,
11.47,-11.47,0.02,,34.41,,,,
7.03,-7.03,0.02,,21.09,,,,
2.47,-2.47,0.02,,7.41,,,,
-2.16,2.16,0.02,,-6.48,,,,
-4.59,4.59,0.02,,-13.77,,,,
-9.22,9.22,0.02,,-27.66,,,,
-13.6,13.6,0.02,,-40.8,,,,
-17.72,17.72,0.02,,-53.16,,,,
-21.28,21.28,0.02,,-63.84,,,,
-24.34,24.34,0.02,,-73.02,,,,
-26.84,26.84,0.02,,-80.52,,,,
-29.16,29.16,0.02,,-87.48,,,,
-30.84,30.84,0.02,,-92.52,,,,
-32.22,32.22,0.02,,-96.66,,,,
-33.28,33.28,0.02,,-99.84,,,,
-34.1,34.1,0.02,,-102.3,,,,
-34.22,34.22,0.02,,-102.66,,,,
-34.28,34.28,0.02,,-102.84,,,,
-33.6,33.6,0.02,,-100.8,,,,
-32.22,32.22,0.02,,-96.66,,,,
-30.16,30.16,0.02,,-90.48,,,,
-27.47,27.47,0.02,,-82.41,,,,
-24.34,24.34,0.02,,-73.02,,,,
-20.91,20.91,0.02,,-62.73,,,,
-17.09,17.09,0.02,,-51.27,,,,
-13.03,13.03,0.02,,-39.09,,,,
-8.85,8.85,0.02,,-26.55,,,,
-4.41,4.41,0.02,,-13.23,,,,
0.03,-0.03,0.02,,0.09,,,,
2.22,-2.22,0.02,,6.66,,,,
6.66,-6.66,0.02,,19.98,,,,
10.65,-10.65,0.02,,31.95,,,,
14.28,-14.28,0.02,,42.84,,,,
17.53,-17.53,0.02,,52.59,,,,
19.9,-19.9,0.02,,59.7,,,,
21.84,-21.84,0.02,,65.52,,,,
23.03,-23.03,0.02,,69.09,,,,
23.59,-23.59,0.02,,70.77,,,,
23.4,-23.4,0.02,,70.2,,,,
22.4,-22.4,0.02,,67.2,,,,
20.72,-20.72,0.02,,62.16,,,,
18.34,-18.34,0.02,,55.02,,,,
15.28,-15.28,0.02,,45.84,,,,
11.84,-11.84,0.02,,35.52,,,,
8.03,-8.03,0.02,,24.09,,,,
5.91,-5.91,0.02,,17.73,,,,
1.65,-1.65,0.02,,4.95,,,,
-2.66,2.66,0.02,,-7.98,,,,
-7.16,7.16,0.02,,-21.48,,,,
-9.28,9.28,0.02,,-27.84,,,,
-13.47,13.47,0.02,,-40.41,,,,
-17.34,17.34,0.02,,-52.02,,,,
-20.84,20.84,0.02,,-62.52,,,,
-23.84,23.84,0.02,,-71.52,,,,
-26.28,26.28,0.02,,-78.84,,,,
-28.09,28.09,0.02,,-84.27,,,,
-29.78,29.78,0.02,,-89.34,,,,
-30.84,30.84,0.02,,-92.52,,,,
-31.66,31.66,0.02,,-94.98,,,,
-32.22,32.22,0.02,,-96.66,,,,
-32.53,32.53,0.02,,-97.59,,,,
-32.16,32.16,0.02,,-96.48,,,,
-31.22,31.22,0.02,,-93.66,,,,
-29.72,29.72,0.02,,-89.16,,,,
-27.53,27.53,0.02,,-82.59,,,,
-24.91,24.91,0.02,,-74.73,,,,
-21.84,21.84,0.02,,-65.52,,,,
-18.34,18.34,0.02,,-55.02,,,,
-14.78,14.78,0.02,,-44.34,,,,
-11.1,11.1,0.02,,-33.3,,,,
-7.22,7.22,0.02,,-21.66,,,,
-5.22,5.22,0.02,,-15.66,,,,
-1.28,1.28,0.02,,-3.84,,,,
2.34,-2.34,0.02,,7.02,,,,
5.84,-5.84,0.02,,17.52,,,,
7.22,-7.22,0.02,,21.66,,,,
9.84,-9.84,0.02,,29.52,,,,
12.03,-12.03,0.02,,36.09,,,,
13.4,-13.4,0.02,,40.2,,,,
14.15,-14.15,0.02,,42.45,,,,
14.34,-14.34,0.02,,43.02,,,,
13.84,-13.84,0.02,,41.52,,,,
12.72,-12.72,0.02,,38.16,,,,
10.9,-10.9,0.02,,32.7,,,,
8.59,-8.59,0.02,,25.77,,,,
7.16,-7.16,0.02,,21.48,,,,
4.03,-4.03,0.02,,12.09,,,,
0.53,-0.53,0.02,,1.59,,,,
-3.16,3.16,0.02,,-9.48,,,,
-5.22,5.22,0.02,,-15.66,,,,
-9.22,9.22,0.02,,-27.66,,,,
-13.16,13.16,0.02,,-39.48,,,,
-16.91,16.91,0.02,,-50.73,,,,
-20.41,20.41,0.02,,-61.23,,,,
-23.59,23.59,0.02,,-70.77,,,,
-26.28,26.28,0.02,,-78.84,,,,
-28.34,28.34,0.02,,-85.02,,,,
-30.16,30.16,0.02,,-90.48,,,,
-31.47,31.47,0.02,,-94.41,,,,
-32.28,32.28,0.02,,-96.84,,,,
-32.72,32.72,0.02,,-98.16,,,,
-32.72,32.72,0.02,,-98.16,,,,
-32.16,32.16,0.02,,-96.48,,,,
-30.84,30.84,0.02,,-92.52,,,,
-28.97,28.97,0.02,,-86.91,,,,
-26.59,26.59,0.02,,-79.77,,,,
-23.59,23.59,0.02,,-70.77,,,,
-20.09,20.09,0.02,,-60.27,,,,
-18.41,18.41,0.02,,-55.23,,,,
-14.41,14.41,0.02,,-43.23,,,,
-10.47,10.47,0.02,,-31.41,,,,
-6.34,6.34,0.02,,-19.02,,,,
-1.85,1.85,0.02,,-5.55,,,,
2.47,-2.47,0.02,,7.41,,,,
6.84,-6.84,0.02,,20.52,,,,
8.9,-8.9,0.02,,26.7,,,,
12.72,-12.72,0.02,,38.16,,,,
16.15,-16.15,0.02,,48.45,,,,
18.84,-18.84,0.02,,56.52,,,,
20.97,-20.97,0.02,,62.91,,,,
22.47,-22.47,0.02,,67.41,,,,
23.15,-23.15,0.02,,69.45,,,,
23.22,-23.22,0.02,,69.66,,,,
22.53,-22.53,0.02,,67.59,,,,
21.15,-21.15,0.02,,63.45,,,,
19.03,-19.03,0.02,,57.09,,,,
16.28,-16.28,0.02,,48.84,,,,
13.03,-13.03,0.02,,39.09,,,,
9.34,-9.34,0.02,,28.02,,,,
5.22,-5.22,0.02,,15.66,,,,
3.09,-3.09,0.02,,9.27,,,,
-1.22,1.22,0.02,,-3.66,,,,
-5.66,5.66,0.02,,-16.98,,,,
-9.97,9.97,0.02,,-29.91,,,,
-12.03,12.03,0.02,,-36.09,,,,
-16.09,16.09,0.02,,-48.27,,,,
-19.72,19.72,0.02,,-59.16,,,,
-22.91,22.91,0.02,,-68.73,,,,
-25.47,25.47,0.02,,-76.41,,,,
-27.47,27.47,0.02,,-82.41,,,,
-29.09,29.09,0.02,,-87.27,,,,
-30.28,30.28,0.02,,-90.84,,,,
-30.97,30.97,0.02,,-92.91,,,,
-31.28,31.28,0.02,,-93.84,,,,
-31.22,31.22,0.02,,-93.66,,,,
-30.78,30.78,0.02,,-92.34,,,,
-29.72,29.72,0.02,,-89.16,,,,
-27.91,27.91,0.02,,-83.73,,,,
-25.59,25.59,0.02,,-76.77,,,,
-22.78,22.78,0.02,,-68.34,,,,
-19.47,19.47,0.02,,-58.41,,,,
-15.78,15.78,0.02,,-47.34,,,,
-12.03,12.03,0.02,,-36.09,,,,
-8.03,8.03,0.02,,-24.09,,,,
-3.97,3.97,0.02,,-11.91,,,,
-1.91,1.91,0.02,,-5.73,,,,
2.16,-2.16,0.02,,6.48,,,,
6.09,-6.09,0.02,,18.27,,,,
9.65,-9.65,0.02,,28.95,,,,
11.4,-11.4,0.02,,34.2,,,,
14.47,-14.47,0.02,,43.41,,,,
16.9,-16.9,0.02,,50.7,,,,
18.78,-18.78,0.02,,56.34,,,,
20.03,-20.03,0.02,,60.09,,,,
20.53,-20.53,0.02,,61.59,,,,
20.47,-20.47,0.02,,61.41,,,,
19.78,-19.78,0.02,,59.34,,,,
18.28,-18.28,0.02,,54.84,,,,
16.28,-16.28,0.02,,48.84,,,,
13.65,-13.65,0.02,,40.95,,,,
10.53,-10.53,0.02,,31.59,,,,
7.09,-7.09,0.02,,21.27,,,,
3.28,-3.28,0.02,,9.84,,,,
-0.72,0.72,0.02,,-2.16,,,,
-2.72,2.72,0.02,,-8.16,,,,
-6.78,6.78,0.02,,-20.34,,,,
-10.85,10.85,0.02,,-32.55,,,,
-14.6,14.6,0.02,,-43.8,,,,
-18.09,18.09,0.02,,-54.27,,,,
-21.09,21.09,0.02,,-63.27,,,,
-23.47,23.47,0.02,,-70.41,,,,
-25.34,25.34,0.02,,-76.02,,,,
-26.78,26.78,0.02,,-80.34,,,,
-27.97,27.97,0.02,,-83.91,,,,
-28.72,28.72,0.02,,-86.16,,,,
-29.16,29.16,0.02,,-87.48,,,,
-29.22,29.22,0.02,,-87.66,,,,
-29.28,29.28,0.02,,-87.84,,,,
-28.91,28.91,0.02,,-86.73,,,,
-27.91,27.91,0.02,,-83.73,,,,
-26.47,26.47,0.02,,-79.41,,,,
-24.34,24.34,0.02,,-73.02,,,,
-21.72,21.72,0.02,,-65.16,,,,
-18.78,18.78,0.02,,-56.34,,,,
-15.53,15.53,0.02,,-46.59,,,,
-11.97,11.97,0.02,,-35.91,,,,
-8.35,8.35,0.02,,-25.05,,,,
-4.59,4.59,0.02,,-13.77,,,,
-0.66,0.66,0.02,,-1.98,,,,
1.22,-1.22,0.02,,3.66,,,,
5.09,-5.09,0.02,,15.27,,,,
8.72,-8.72,0.02,,26.16,,,,
11.78,-11.78,0.02,,35.34,,,,
14.53,-14.53,0.02,,43.59,,,,
16.59,-16.59,0.02,,49.77,,,,
18.03,-18.03,0.02,,54.09,,,,
18.78,-18.78,0.02,,56.34,,,,
18.97,-18.97,0.02,,56.91,,,,
18.47,-18.47,0.02,,55.41,,,,
17.34,-17.34,0.02,,52.02,,,,
16.53,-16.53,0.02,,49.59,,,,
14.47,-14.47,0.02,,43.41,,,,
11.9,-11.9,0.02,,35.7,,,,
8.78,-8.78,0.02,,26.34,,,,
5.41,-5.41,0.02,,16.23,,,,
1.65,-1.65,0.02,,4.95,,,,
-2.22,2.22,0.02,,-6.66,,,,
-4.22,4.22,0.02,,-12.66,,,,
-8.28,8.28,0.02,,-24.84,,,,
-12.16,12.16,0.02,,-36.48,,,,
-15.91,15.91,0.02,,-47.73,,,,
-19.28,19.28,0.02,,-57.84,,,,
-22.28,22.28,0.02,,-66.84,,,,
-24.72,24.72,0.02,,-74.16,,,,
-26.66,26.66,0.02,,-79.98,,,,
-28.34,28.34,0.02,,-85.02,,,,
-29.47,29.47,0.02,,-88.41,,,,
-30.22,30.22,0.02,,-90.66,,,,
-30.66,30.66,0.02,,-91.98,,,,
-30.66,30.66,0.02,,-91.98,,,,
-29.84,29.84,0.02,,-89.52,,,,
-28.41,28.41,0.02,,-85.23,,,,
-26.41,26.41,0.02,,-79.23,,,,
-23.72,23.72,0.02,,-71.16,,,,
-22.22,22.22,0.02,,-66.66,,,,
-18.78,18.78,0.02,,-56.34,,,,
-15.1,15.1,0.02,,-45.3,,,,
-11.28,11.28,0.02,,-33.84,,,,
-7.16,7.16,0.02,,-21.48,,,,
-2.91,2.91,0.02,,-8.73,,,,
1.15,-1.15,0.02,,3.45,,,,
5.34,-5.34,0.02,,16.02,,,,
7.22,-7.22,0.02,,21.66,,,,
10.84,-10.84,0.02,,32.52,,,,
14.03,-14.03,0.02,,42.09,,,,
16.65,-16.65,0.02,,49.95,,,,
18.65,-18.65,0.02,,55.95,,,,
19.97,-19.97,0.02,,59.91,,,,
20.59,-20.59,0.02,,61.77,,,,
20.4,-20.4,0.02,,61.2,,,,
19.65,-19.65,0.02,,58.95,,,,
18.15,-18.15,0.02,,54.45,,,,
15.72,-15.72,0.02,,47.16,,,,
12.53,-12.53,0.02,,37.59,,,,
8.9,-8.9,0.02,,26.7,,,,
5.03,-5.03,0.02,,15.09,,,,
2.78,-2.78,0.02,,8.34,,,,
-1.41,1.41,0.02,,-4.23,,,,
-5.66,5.66,0.02,,-16.98,,,,
-9.91,9.91,0.02,,-29.73,,,,
-11.97,11.97,0.02,,-35.91,,,,
-15.85,15.85,0.02,,-47.55,,,,
-19.28,19.28,0.02,,-57.84,,,,
-22.22,22.22,0.02,,-66.66,,,,
-24.66,24.66,0.02,,-73.98,,,,
-26.41,26.41,0.02,,-79.23,,,,
-27.53,27.53,0.02,,-82.59,,,,
-28.28,28.28,0.02,,-84.84,,,,
-28.59,28.59,0.02,,-85.77,,,,
-28.53,28.53,0.02,,-85.59,,,,
-28.16,28.16,0.02,,-84.48,,,,
-27.47,27.47,0.02,,-82.41,,,,
-26.34,26.34,0.02,,-79.02,,,,
-24.78,24.78,0.02,,-74.34,,,,
-22.84,22.84,0.02,,-68.52,,,,
-20.22,20.22,0.02,,-60.66,,,,
-17.09,17.09,0.02,,-51.27,,,,
-13.72,13.72,0.02,,-41.16,,,,
-9.97,9.97,0.02,,-29.91,,,,
-6.16,6.16,0.02,,-18.48,,,,
-4.41,4.41,0.02,,-13.23,,,,
-0.66,0.66,0.02,,-1.98,,,,
2.91,-2.91,0.02,,8.73,,,,
6.34,-6.34,0.02,,19.02,,,,
7.97,-7.97,0.02,,23.91,,,,
10.97,-10.97,0.02,,32.91,,,,
13.4,-13.4,0.02,,40.2,,,,
15.28,-15.28,0.02,,45.84,,,,
16.59,-16.59,0.02,,49.77,,,,
17.22,-17.22,0.02,,51.66,,,,
17.09,-17.09,0.02,,51.27,,,,
16.4,-16.4,0.02,,49.2,,,,
15.03,-15.03,0.02,,45.09,,,,
13.15,-13.15,0.02,,39.45,,,,
10.72,-10.72,0.02,,32.16,,,,
7.78,-7.78,0.02,,23.34,,,,
4.41,-4.41,0.02,,13.23,,,,
2.72,-2.72,0.02,,8.16,,,,
-1.1,1.1,0.02,,-3.3,,,,
-5.03,5.03,0.02,,-15.09,,,,
-8.97,8.97,0.02,,-26.91,,,,
-10.78,10.78,0.02,,-32.34,,,,
-14.6,14.6,0.02,,-43.8,,,,
-17.97,17.97,0.02,,-53.91,,,,
-21.03,21.03,0.02,,-63.09,,,,
-23.66,23.66,0.02,,-70.98,,,,
-25.72,25.72,0.02,,-77.16,,,,
-27.53,27.53,0.02,,-82.59,,,,
-29.03,29.03,0.02,,-87.09,,,,
-30.09,30.09,0.02,,-90.27,,,,
-30.72,30.72,0.02,,-92.16,,,,
-31.03,31.03,0.02,,-93.09,,,,
-30.84,30.84,0.02,,-92.52,,,,
-30.16,30.16,0.02,,-90.48,,,,
-28.66,28.66,0.02,,-85.98,,,,
-26.59,26.59,0.02,,-79.77,,,,
-24.16,24.16,0.02,,-72.48,,,,
-21.16,21.16,0.02,,-63.48,,,,
-17.72,17.72,0.02,,-53.16,,,,
-14.16,14.16,0.02,,-42.48,,,,
-10.22,10.22,0.02,,-30.66,,,,
-5.97,5.97,0.02,,-17.91,,,,
-1.66,1.66,0.02,,-4.98,,,,
0.47,-0.47,0.02,,1.41,,,,
4.84,-4.84,0.02,,14.52,,,,
9.03,-9.03,0.02,,27.09,,,,
12.9,-12.9,0.02,,38.7,,,,
16.47,-16.47,0.02,,49.41,,,,
19.15,-19.15,0.02,,57.45,,,,
20.4,-20.4,0.02,,61.2,,,,
22.34,-22.34,0.02,,67.02,,,,
23.59,-23.59,0.02,,70.77,,,,
24.28,-24.28,0.02,,72.84,,,,
24.09,-24.09,0.02,,72.27,,,,
23.4,-23.4,0.02,,70.2,,,,
21.9,-21.9,0.02,,65.7,,,,
19.72,-19.72,0.02,,59.16,,,,
16.9,-16.9,0.02,,50.7,,,,
13.59,-13.59,0.02,,40.77,,,,
9.84,-9.84,0.02,,29.52,,,,
5.78,-5.78,0.02,,17.34,,,,
1.47,-1.47,0.02,,4.41,,,,
-0.91,0.91,0.02,,-2.73,,,,
-5.34,5.34,0.02,,-16.02,,,,
-9.91,9.91,0.02,,-29.73,,,,
-14.22,14.22,0.02,,-42.66,,,,
-18.34,18.34,0.02,,-55.02,,,,
-22.09,22.09,0.02,,-66.27,,,,
-25.28,25.28,0.02,,-75.84,,,,
-27.97,27.97,0.02,,-83.91,,,,
-30.41,30.41,0.02,,-91.23,,,,
-31.41,31.41,0.02,,-94.23,,,,
-33.85,33.85,0.02,,-101.55,,,,
-34.47,34.47,0.02,,-103.41,,,,
-35.41,35.41,0.02,,-106.23,,,,
-35.85,35.85,0.02,,-107.55,,,,
-35.85,35.85,0.02,,-107.55,,,,
-35.16,35.16,0.02,,-105.48,,,,
-33.78,33.78,0.02,,-101.34,,,,
-31.66,31.66,0.02,,-94.98,,,,
-29.09,29.09,0.02,,-87.27,,,,
-26.03,26.03,0.02,,-78.09,,,,
-22.47,22.47,0.02,,-67.41,,,,
-18.66,18.66,0.02,,-55.98,,,,
-14.6,14.6,0.02,,-43.8,,,,
-10.28,10.28,0.02,,-30.84,,,,
-5.66,5.66,0.02,,-16.98,,,,
-0.91,0.91,0.02,,-2.73,,,,
3.72,-3.72,0.02,,11.16,,,,
5.97,-5.97,0.02,,17.91,,,,
10.28,-10.28,0.02,,30.84,,,,
14.15,-14.15,0.02,,42.45,,,,
17.65,-17.65,0.02,,52.95,,,,
20.4,-20.4,0.02,,61.2,,,,
22.65,-22.65,0.02,,67.95,,,,
24.22,-24.22,0.02,,72.66,,,,
25.03,-25.03,0.02,,75.09,,,,
25.15,-25.15,0.02,,75.45,,,,
24.53,-24.53,0.02,,73.59,,,,
23.03,-23.03,0.02,,69.09,,,,
20.78,-20.78,0.02,,62.34,,,,
17.78,-17.78,0.02,,53.34,,,,
14.4,-14.4,0.02,,43.2,,,,
10.47,-10.47,0.02,,31.41,,,,
5.97,-5.97,0.02,,17.91,,,,
3.66,-3.66,0.02,,10.98,,,,
-1.16,1.16,0.02,,-3.48,,,,
-6.22,6.22,0.02,,-18.66,,,,
-11.41,11.41,0.02,,-34.23,,,,
-16.22,16.22,0.02,,-48.66,,,,
-20.66,20.66,0.02,,-61.98,,,,
-24.66,24.66,0.02,,-73.98,,,,
-28.03,28.03,0.02,,-84.09,,,,
-30.84,30.84,0.02,,-92.52,,,,
-33.41,33.41,0.02,,-100.23,,,,
-35.28,35.28,0.02,,-105.84,,,,
-36.03,36.03,0.02,,-108.09,,,,
-37.28,37.28,0.02,,-111.84,,,,
-38.16,38.16,0.02,,-114.48,,,,
-38.53,38.53,0.02,,-115.59,,,,
-38.16,38.16,0.02,,-114.48,,,,
-37.28,37.28,0.02,,-111.84,,,,
-35.72,35.72,0.02,,-107.16,,,,
-33.35,33.35,0.02,,-100.05,,,,
-30.16,30.16,0.02,,-90.48,,,,
-26.59,26.59,0.02,,-79.77,,,,
-22.66,22.66,0.02,,-67.98,,,,
-18.28,18.28,0.02,,-54.84,,,,
-13.41,13.41,0.02,,-40.23,,,,
-8.28,8.28,0.02,,-24.84,,,,
-3.1,3.1,0.02,,-9.3,,,,
2.16,-2.16,0.02,,6.48,,,,
4.91,-4.91,0.02,,14.73,,,,
10.22,-10.22,0.02,,30.66,,,,
15.47,-15.47,0.02,,46.41,,,,
20.09,-20.09,0.02,,60.27,,,,
24.4,-24.4,0.02,,73.2,,,,
28.15,-28.15,0.02,,84.45,,,,
31.09,-31.09,0.02,,93.27,,,,
33.53,-33.53,0.02,,100.59,,,,
34.97,-34.97,0.02,,104.91,,,,
35.72,-35.72,0.02,,107.16,,,,
35.59,-35.59,0.02,,106.77,,,,
34.59,-34.59,0.02,,103.77,,,,
32.72,-32.72,0.02,,98.16,,,,
30.09,-30.09,0.02,,90.27,,,,
26.84,-26.84,0.02,,80.52,,,,
22.97,-22.97,0.02,,68.91,,,,
18.72,-18.72,0.02,,56.16,,,,
14.03,-14.03,0.02,,42.09,,,,
8.9,-8.9,0.02,,26.7,,,,
6.41,-6.41,0.02,,19.23,,,,
1.15,-1.15,0.02,,3.45,,,,
-3.91,3.91,0.02,,-11.73,,,,
-8.91,8.91,0.02,,-26.73,,,,
-11.28,11.28,0.02,,-33.84,,,,
-15.6,15.6,0.02,,-46.8,,,,
-19.47,19.47,0.02,,-58.41,,,,
-22.78,22.78,0.02,,-68.34,,,,
-25.53,25.53,0.02,,-76.59,,,,
-27.59,27.59,0.02,,-82.77,,,,
-29.59,29.59,0.02,,-88.77,,,,
-30.72,30.72,0.02,,-92.16,,,,
-31.59,31.59,0.02,,-94.77,,,,
-31.97,31.97,0.02,,-95.91,,,,
-31.97,31.97,0.02,,-95.91,,,,
-31.47,31.47,0.02,,-94.41,,,,
-30.16,30.16,0.02,,-90.48,,,,
-28.22,28.22,0.02,,-84.66,,,,
-25.59,25.59,0.02,,-76.77,,,,
-22.41,22.41,0.02,,-67.23,,,,
-18.72,18.72,0.02,,-56.16,,,,
-14.85,14.85,0.02,,-44.55,,,,
-10.78,10.78,0.02,,-32.34,,,,
-6.59,6.59,0.02,,-19.77,,,,
-2.47,2.47,0.02,,-7.41,,,,
-0.47,0.47,0.02,,-1.41,,,,
3.47,-3.47,0.02,,10.41,,,,
6.97,-6.97,0.02,,20.91,,,,
9.9,-9.9,0.02,,29.7,,,,
11.09,-11.09,0.02,,33.27,,,,
12.9,-12.9,0.02,,38.7,,,,
13.84,-13.84,0.02,,41.52,,,,
13.84,-13.84,0.02,,41.52,,,,
12.97,-12.97,0.02,,38.91,,,,
11.28,-11.28,0.02,,33.84,,,,
9.03,-9.03,0.02,,27.09,,,,
6.09,-6.09,0.02,,18.27,,,,
2.72,-2.72,0.02,,8.16,,,,
0.78,-0.78,0.02,,2.34,,,,
-3.1,3.1,0.02,,-9.3,,,,
-7.28,7.28,0.02,,-21.84,,,,
-11.72,11.72,0.02,,-35.16,,,,
-16.03,16.03,0.02,,-48.09,,,,
-20.16,20.16,0.02,,-60.48,,,,
-23.97,23.97,0.02,,-71.91,,,,
-27.34,27.34,0.02,,-82.02,,,,
-30.41,30.41,0.02,,-91.23,,,,
-32.97,32.97,0.02,,-98.91,,,,
-35.28,35.28,0.02,,-105.84,,,,
-36.28,36.28,0.02,,-108.84,,,,
-37.78,37.78,0.02,,-113.34,,,,
-38.66,38.66,0.02,,-115.98,,,,
-38.85,38.85,0.02,,-116.55,,,,
-38.41,38.41,0.02,,-115.23,,,,
-37.22,37.22,0.02,,-111.66,,,,
-35.28,35.28,0.02,,-105.84,,,,
-32.72,32.72,0.02,,-98.16,,,,
-29.66,29.66,0.02,,-88.98,,,,
-26.16,26.16,0.02,,-78.48,,,,
-22.09,22.09,0.02,,-66.27,,,,
-17.72,17.72,0.02,,-53.16,,,,
-13.1,13.1,0.02,,-39.3,,,,
-8.16,8.16,0.02,,-24.48,,,,
-3.1,3.1,0.02,,-9.3,,,,
2.03,-2.03,0.02,,6.09,,,,
4.41,-4.41,0.02,,13.23,,,,
9.34,-9.34,0.02,,28.02,,,,
13.84,-13.84,0.02,,41.52,,,,
17.84,-17.84,0.02,,53.52,,,,
21.4,-21.4,0.02,,64.2,,,,
24.15,-24.15,0.02,,72.45,,,,
25.97,-25.97,0.02,,77.91,,,,
27.22,-27.22,0.02,,81.66,,,,
27.4,-27.4,0.02,,82.2,,,,
26.84,-26.84,0.02,,80.52,,,,
25.47,-25.47,0.02,,76.41,,,,
23.34,-23.34,0.02,,70.02,,,,
20.4,-20.4,0.02,,61.2,,,,
16.78,-16.78,0.02,,50.34,,,,
12.65,-12.65,0.02,,37.95,,,,
10.47,-10.47,0.02,,31.41,,,,
5.78,-5.78,0.02,,17.34,,,,
0.78,-0.78,0.02,,2.34,,,,
-4.16,4.16,0.02,,-12.48,,,,
-9.35,9.35,0.02,,-28.05,,,,
-11.72,11.72,0.02,,-35.16,,,,
-16.66,16.66,0.02,,-49.98,,,,
-21.09,21.09,0.02,,-63.27,,,,
-25.09,25.09,0.02,,-75.27,,,,
-28.59,28.59,0.02,,-85.77,,,,
-31.47,31.47,0.02,,-94.41,,,,
-34.16,34.16,0.02,,-102.48,,,,
-36.28,36.28,0.02,,-108.84,,,,
-37.91,37.91,0.02,,-113.73,,,,
-38.97,38.97,0.02,,-116.91,,,,
-39.66,39.66,0.02,,-118.98,,,,
-39.66,39.66,0.02,,-118.98,,,,
-39.03,39.03,0.02,,-117.09,,,,
-37.72,37.72,0.02,,-113.16,,,,
-35.6,35.6,0.02,,-106.8,,,,
-32.72,32.72,0.02,,-98.16,,,,
-29.41,29.41,0.02,,-88.23,,,,
-25.66,25.66,0.02,,-76.98,,,,
-21.53,21.53,0.02,,-64.59,,,,
-17.16,17.16,0.02,,-51.48,,,,
-12.66,12.66,0.02,,-37.98,,,,
-7.97,7.97,0.02,,-23.91,,,,
-3.22,3.22,0.02,,-9.66,,,,
-0.85,0.85,0.02,,-2.55,,,,
3.53,-3.53,0.02,,10.59,,,,
7.41,-7.41,0.02,,22.23,,,,
10.84,-10.84,0.02,,32.52,,,,
13.72,-13.72,0.02,,41.16,,,,
15.84,-15.84,0.02,,47.52,,,,
17.15,-17.15,0.02,,51.45,,,,
17.59,-17.59,0.02,,52.77,,,,
17.9,-17.9,0.02,,53.7,,,,
17.34,-17.34,0.02,,52.02,,,,
16.09,-16.09,0.02,,48.27,,,,
14.09,-14.09,0.02,,42.27,,,,
11.47,-11.47,0.02,,34.41,,,,
8.4,-8.4,0.02,,25.2,,,,
4.78,-4.78,0.02,,14.34,,,,
0.78,-0.78,0.02,,2.34,,,,
-3.28,3.28,0.02,,-9.84,,,,
-5.28,5.28,0.02,,-15.84,,,,
-9.47,9.47,0.02,,-28.41,,,,
-13.53,13.53,0.02,,-40.59,,,,
-17.22,17.22,0.02,,-51.66,,,,
-20.59,20.59,0.02,,-61.77,,,,
-23.41,23.41,0.02,,-70.23,,,,
-25.78,25.78,0.02,,-77.34,,,,
-27.91,27.91,0.02,,-83.73,,,,
-29.47,29.47,0.02,,-88.41,,,,
-30.53,30.53,0.02,,-91.59,,,,
-31.22,31.22,0.02,,-93.66,,,,
-31.34,31.34,0.02,,-94.02,,,,
-30.78,30.78,0.02,,-92.34,,,,
-29.41,29.41,0.02,,-88.23,,,,
-27.47,27.47,0.02,,-82.41,,,,
-26.22,26.22,0.02,,-78.66,,,,
-23.28,23.28,0.02,,-69.84,,,,
-19.97,19.97,0.02,,-59.91,,,,
-16.22,16.22,0.02,,-48.66,,,,
-12.03,12.03,0.02,,-36.09,,,,
-7.91,7.91,0.02,,-23.73,,,,
-3.35,3.35,0.02,,-10.05,,,,
1.22,-1.22,0.02,,3.66,,,,
5.84,-5.84,0.02,,17.52,,,,
7.91,-7.91,0.02,,23.73,,,,
11.97,-11.97,0.02,,35.91,,,,
15.72,-15.72,0.02,,47.16,,,,
18.72,-18.72,0.02,,56.16,,,,
21.22,-21.22,0.02,,63.66,,,,
22.97,-22.97,0.02,,68.91,,,,
24.03,-24.03,0.02,,72.09,,,,
24.34,-24.34,0.02,,73.02,,,,
23.9,-23.9,0.02,,71.7,,,,
22.78,-22.78,0.02,,68.34,,,,
20.9,-20.9,0.02,,62.7,,,,
18.28,-18.28,0.02,,54.84,,,,
15.03,-15.03,0.02,,45.09,,,,
11.22,-11.22,0.02,,33.66,,,,
7.09,-7.09,0.02,,21.27,,,,
4.78,-4.78,0.02,,14.34,,,,
0.15,-0.15,0.02,,0.45,,,,
-4.59,4.59,0.02,,-13.77,,,,
-9.53,9.53,0.02,,-28.59,,,,
-14.22,14.22,0.02,,-42.66,,,,
-16.72,16.72,0.02,,-50.16,,,,
-21.03,21.03,0.02,,-63.09,,,,
-25.03,25.03,0.02,,-75.09,,,,
-28.53,28.53,0.02,,-85.59,,,,
-31.28,31.28,0.02,,-93.84,,,,
-33.78,33.78,0.02,,-101.34,,,,
-35.66,35.66,0.02,,-106.98,,,,
-37.1,37.1,0.02,,-111.3,,,,
-38.1,38.1,0.02,,-114.3,,,,
-38.53,38.53,0.02,,-115.59,,,,
-38.41,38.41,0.02,,-115.23,,,,
-37.47,37.47,0.02,,-112.41,,,,
-35.78,35.78,0.02,,-107.34,,,,
-33.41,33.41,0.02,,-100.23,,,,
-30.28,30.28,0.02,,-90.84,,,,
-26.41,26.41,0.02,,-79.23,,,,
-22.34,22.34,0.02,,-67.02,,,,
-17.91,17.91,0.02,,-53.73,,,,
-12.91,12.91,0.02,,-38.73,,,,
-7.66,7.66,0.02,,-22.98,,,,
-2.35,2.35,0.02,,-7.05,,,,
0.34,-0.34,0.02,,1.02,,,,
5.66,-5.66,0.02,,16.98,,,,
11.03,-11.03,0.02,,33.09,,,,
15.97,-15.97,0.02,,47.91,,,,
20.4,-20.4,0.02,,61.2,,,,
24.34,-24.34,0.02,,73.02,,,,
27.47,-27.47,0.02,,82.41,,,,
29.9,-29.9,0.02,,89.7,,,,
31.72,-31.72,0.02,,95.16,,,,
32.59,-32.59,0.02,,97.77,,,,
32.78,-32.78,0.02,,98.34,,,,
32.03,-32.03,0.02,,96.09,,,,
30.47,-30.47,0.02,,91.41,,,,
28.09,-28.09,0.02,,84.27,,,,
25.15,-25.15,0.02,,75.45,,,,
21.59,-21.59,0.02,,64.77,,,,
19.4,-19.4,0.02,,58.2,,,,
15.28,-15.28,0.02,,45.84,,,,
10.65,-10.65,0.02,,31.95,,,,
5.91,-5.91,0.02,,17.73,,,,
1.09,-1.09,0.02,,3.27,,,,
-3.53,3.53,0.02,,-10.59,,,,
-8.16,8.16,0.02,,-24.48,,,,
-10.41,10.41,0.02,,-31.23,,,,
-14.53,14.53,0.02,,-43.59,,,,
-17.97,17.97,0.02,,-53.91,,,,
-20.97,20.97,0.02,,-62.91,,,,
-23.28,23.28,0.02,,-69.84,,,,
-24.84,24.84,0.02,,-74.52,,,,
-25.84,25.84,0.02,,-77.52,,,,
-26.72,26.72,0.02,,-80.16,,,,
-27.03,27.03,0.02,,-81.09,,,,
-27.03,27.03,0.02,,-81.09,,,,
-26.66,26.66,0.02,,-79.98,,,,
-25.97,25.97,0.02,,-77.91,,,,
-24.97,24.97,0.02,,-74.91,,,,
-23.41,23.41,0.02,,-70.23,,,,
-21.09,21.09,0.02,,-63.27,,,,
-18.34,18.34,0.02,,-55.02,,,,
-14.97,14.97,0.02,,-44.91,,,,
-11.35,11.35,0.02,,-34.05,,,,
-7.66,7.66,0.02,,-22.98,,,,
-3.97,3.97,0.02,,-11.91,,,,
-2.22,2.22,0.02,,-6.66,,,,
1.15,-1.15,0.02,,3.45,,,,
4.53,-4.53,0.02,,13.59,,,,
7.47,-7.47,0.02,,22.41,,,,
8.78,-8.78,0.02,,26.34,,,,
11.28,-11.28,0.02,,33.84,,,,
13.09,-13.09,0.02,,39.27,,,,
14.22,-14.22,0.02,,42.66,,,,
14.65,-14.65,0.02,,43.95,,,,
14.4,-14.4,0.02,,43.2,,,,
13.53,-13.53,0.02,,40.59,,,,
12.09,-12.09,0.02,,36.27,,,,
10.03,-10.03,0.02,,30.09,,,,
7.59,-7.59,0.02,,22.77,,,,
4.66,-4.66,0.02,,13.98,,,,
2.91,-2.91,0.02,,8.73,,,,
-0.47,0.47,0.02,,-1.41,,,,
-4.16,4.16,0.02,,-12.48,,,,
-8.03,8.03,0.02,,-24.09,,,,
-11.72,11.72,0.02,,-35.16,,,,
-15.28,15.28,0.02,,-45.84,,,,
-16.97,16.97,0.02,,-50.91,,,,
-19.97,19.97,0.02,,-59.91,,,,
-22.47,22.47,0.02,,-67.41,,,,
-24.53,24.53,0.02,,-73.59,,,,
-26.16,26.16,0.02,,-78.48,,,,
-27.34,27.34,0.02,,-82.02,,,,
-28.09,28.09,0.02,,-84.27,,,,
-28.41,28.41,0.02,,-85.23,,,,
-28.16,28.16,0.02,,-84.48,,,,
-27.28,27.28,0.02,,-81.84,,,,
-25.59,25.59,0.02,,-76.77,,,,
-23.34,23.34,0.02,,-70.02,,,,
-20.53,20.53,0.02,,-61.59,,,,
-17.16,17.16,0.02,,-51.48,,,,
-13.47,13.47,0.02,,-40.41,,,,
-9.41,9.41,0.02,,-28.23,,,,
-4.97,4.97,0.02,,-14.91,,,,
-0.41,0.41,0.02,,-1.23,,,,
1.84,-1.84,0.02,,5.52,,,,
6.41,-6.41,0.02,,19.23,,,,
11.03,-11.03,0.02,,33.09,,,,
15.22,-15.22,0.02,,45.66,,,,
18.97,-18.97,0.02,,56.91,,,,
22.22,-22.22,0.02,,66.66,,,,
24.78,-24.78,0.02,,74.34,,,,
26.65,-26.65,0.02,,79.95,,,,
27.9,-27.9,0.02,,83.7,,,,
28.34,-28.34,0.02,,85.02,,,,
28.09,-28.09,0.02,,84.27,,,,
27.03,-27.03,0.02,,81.09,,,,
25.22,-25.22,0.02,,75.66,,,,
24.03,-24.03,0.02,,72.09,,,,
21.15,-21.15,0.02,,63.45,,,,
17.72,-17.72,0.02,,53.16,,,,
13.9,-13.9,0.02,,41.7,,,,
9.72,-9.72,0.02,,29.16,,,,
5.22,-5.22,0.02,,15.66,,,,
0.47,-0.47,0.02,,1.41,,,,
-4.09,4.09,0.02,,-12.27,,,,
-6.28,6.28,0.02,,-18.84,,,,
-10.72,10.72,0.02,,-32.16,,,,
-14.72,14.72,0.02,,-44.16,,,,
-18.28,18.28,0.02,,-54.84,,,,
-21.34,21.34,0.02,,-64.02,,,,
-23.72,23.72,0.02,,-71.16,,,,
-25.34,25.34,0.02,,-76.02,,,,
-26.97,26.97,0.02,,-80.91,,,,
-27.78,27.78,0.02,,-83.34,,,,
-28.22,28.22,0.02,,-84.66,,,,
-28.22,28.22,0.02,,-84.66,,,,
-27.91,27.91,0.02,,-83.73,,,,
-27.03,27.03,0.02,,-81.09,,,,
-25.59,25.59,0.02,,-76.77,,,,
-23.41,23.41,0.02,,-70.23,,,,
-20.72,20.72,0.02,,-62.16,,,,
-17.59,17.59,0.02,,-52.77,,,,
-13.85,13.85,0.02,,-41.55,,,,
-9.97,9.97,0.02,,-29.91,,,,
-7.97,7.97,0.02,,-23.91,,,,
-4.03,4.03,0.02,,-12.09,,,,
0.03,-0.03,0.02,,0.09,,,,
3.84,-3.84,0.02,,11.52,,,,
5.66,-5.66,0.02,,16.98,,,,
9.03,-9.03,0.02,,27.09,,,,
12.15,-12.15,0.02,,36.45,,,,
14.65,-14.65,0.02,,43.95,,,,
16.47,-16.47,0.02,,49.41,,,,
17.59,-17.59,0.02,,52.77,,,,
17.97,-17.97,0.02,,53.91,,,,
17.59,-17.59,0.02,,52.77,,,,
16.47,-16.47,0.02,,49.41,,,,
14.59,-14.59,0.02,,43.77,,,,
12.15,-12.15,0.02,,36.45,,,,
9.03,-9.03,0.02,,27.09,,,,
7.41,-7.41,0.02,,22.23,,,,
3.59,-3.59,0.02,,10.77,,,,
-0.41,0.41,0.02,,-1.23,,,,
-4.66,4.66,0.02,,-13.98,,,,
-6.84,6.84,0.02,,-20.52,,,,
-10.97,10.97,0.02,,-32.91,,,,
-14.97,14.97,0.02,,-44.91,,,,
-18.59,18.59,0.02,,-55.77,,,,
-21.66,21.66,0.02,,-64.98,,,,
-24.28,24.28,0.02,,-72.84,,,,
-26.28,26.28,0.02,,-78.84,,,,
-27.66,27.66,0.02,,-82.98,,,,
-28.78,28.78,0.02,,-86.34,,,,
-29.22,29.22,0.02,,-87.66,,,,
-29.09,29.09,0.02,,-87.27,,,,
-28.59,28.59,0.02,,-85.77,,,,
-27.66,27.66,0.02,,-82.98,,,,
-26.09,26.09,0.02,,-78.27,,,,
-23.72,23.72,0.02,,-71.16,,,,
-20.84,20.84,0.02,,-62.52,,,,
-17.28,17.28,0.02,,-51.84,,,,
-13.35,13.35,0.02,,-40.05,,,,
-9.03,9.03,0.02,,-27.09,,,,
-6.91,6.91,0.02,,-20.73,,,,
-2.53,2.53,0.02,,-7.59,,,,
1.78,-1.78,0.02,,5.34,,,,
5.78,-5.78,0.02,,17.34,,,,
9.59,-9.59,0.02,,28.77,,,,
11.47,-11.47,0.02,,34.41,,,,
14.53,-14.53,0.02,,43.59,,,,
17.09,-17.09,0.02,,51.27,,,,
19.03,-19.03,0.02,,57.09,,,,
20.15,-20.15,0.02,,60.45,,,,
20.59,-20.59,0.02,,61.77,,,,
20.28,-20.28,0.02,,60.84,,,,
19.22,-19.22,0.02,,57.66,,,,
17.4,-17.4,0.02,,52.2,,,,
14.97,-14.97,0.02,,44.91,,,,
11.65,-11.65,0.02,,34.95,,,,
7.97,-7.97,0.02,,23.91,,,,
3.66,-3.66,0.02,,10.98,,,,
1.53,-1.53,0.02,,4.59,,,,
-3.1,3.1,0.02,,-9.3,,,,
-7.66,7.66,0.02,,-22.98,,,,
-12.16,12.16,0.02,,-36.48,,,,
-16.28,16.28,0.02,,-48.84,,,,
-20.09,20.09,0.02,,-60.27,,,,
-23.34,23.34,0.02,,-70.02,,,,
-25.97,25.97,0.02,,-77.91,,,,
-27.91,27.91,0.02,,-83.73,,,,
-29.16,29.16,0.02,,-87.48,,,,
-30.03,30.03,0.02,,-90.09,,,,
-30.22,30.22,0.02,,-90.66,,,,
-30.16,30.16,0.02,,-90.48,,,,
-29.66,29.66,0.02,,-88.98,,,,
-28.78,28.78,0.02,,-86.34,,,,
-27.41,27.41,0.02,,-82.23,,,,
-25.47,25.47,0.02,,-76.41,,,,
-23.09,23.09,0.02,,-69.27,,,,
-20.16,20.16,0.02,,-60.48,,,,
-16.59,16.59,0.02,,-49.77,,,,
-12.6,12.6,0.02,,-37.8,,,,
-8.53,8.53,0.02,,-25.59,,,,
-4.16,4.16,0.02,,-12.48,,,,
0.15,-0.15,0.02,,0.45,,,,
2.16,-2.16,0.02,,6.48,,,,
6.22,-6.22,0.02,,18.66,,,,
10.03,-10.03,0.02,,30.09,,,,
13.47,-13.47,0.02,,40.41,,,,
16.22,-16.22,0.02,,48.66,,,,
18.34,-18.34,0.02,,55.02,,,,
19.9,-19.9,0.02,,59.7,,,,
20.59,-20.59,0.02,,61.77,,,,
20.53,-20.53,0.02,,61.59,,,,
19.72,-19.72,0.02,,59.16,,,,
18.15,-18.15,0.02,,54.45,,,,
15.97,-15.97,0.02,,47.91,,,,
13.09,-13.09,0.02,,39.27,,,,
9.65,-9.65,0.02,,28.95,,,,
7.84,-7.84,0.02,,23.52,,,,
3.91,-3.91,0.02,,11.73,,,,
-0.28,0.28,0.02,,-0.84,,,,
-4.59,4.59,0.02,,-13.77,,,,
-6.78,6.78,0.02,,-20.34,,,,
-10.91,10.91,0.02,,-32.73,,,,
-14.91,14.91,0.02,,-44.73,,,,
-18.59,18.59,0.02,,-55.77,,,,
-21.78,21.78,0.02,,-65.34,,,,
-24.47,24.47,0.02,,-73.41,,,,
-26.53,26.53,0.02,,-79.59,,,,
-27.91,27.91,0.02,,-83.73,,,,
-28.91,28.91,0.02,,-86.73,,,,
-29.28,29.28,0.02,,-87.84,,,,
-29.22,29.22,0.02,,-87.66,,,,
-28.59,28.59,0.02,,-85.77,,,,
-27.72,27.72,0.02,,-83.16,,,,
-26.28,26.28,0.02,,-78.84,,,,
-24.09,24.09,0.02,,-72.27,,,,
-21.41,21.41,0.02,,-64.23,,,,
-18.22,18.22,0.02,,-54.66,,,,
-14.53,14.53,0.02,,-43.59,,,,
-10.41,10.41,0.02,,-31.23,,,,
-6.28,6.28,0.02,,-18.84,,,,
-4.22,4.22,0.02,,-12.66,,,,
-0.16,0.16,0.02,,-0.48,,,,
3.59,-3.59,0.02,,10.77,,,,
7.09,-7.09,0.02,,21.27,,,,
8.78,-8.78,0.02,,26.34,,,,
11.72,-11.72,0.02,,35.16,,,,
14.15,-14.15,0.02,,42.45,,,,
15.97,-15.97,0.02,,47.91,,,,
17.15,-17.15,0.02,,51.45,,,,
17.59,-17.59,0.02,,52.77,,,,
17.34,-17.34,0.02,,52.02,,,,
16.28,-16.28,0.02,,48.84,,,,
14.47,-14.47,0.02,,43.41,,,,
12.09,-12.09,0.02,,36.27,,,,
9.15,-9.15,0.02,,27.45,,,,
5.66,-5.66,0.02,,16.98,,,,
3.78,-3.78,0.02,,11.34,,,,
-0.16,0.16,0.02,,-0.48,,,,
-4.41,4.41,0.02,,-13.23,,,,
-8.78,8.78,0.02,,-26.34,,,,
-10.97,10.97,0.02,,-32.91,,,,
-15.16,15.16,0.02,,-45.48,,,,
-19.16,19.16,0.02,,-57.48,,,,
-22.78,22.78,0.02,,-68.34,,,,
-25.84,25.84,0.02,,-77.52,,,,
-28.41,28.41,0.02,,-85.23,,,,
-30.41,30.41,0.02,,-91.23,,,,
-31.84,31.84,0.02,,-95.52,,,,
-33.03,33.03,0.02,,-99.09,,,,
-33.6,33.6,0.02,,-100.8,,,,
-33.66,33.66,0.02,,-100.98,,,,
-33.41,33.41,0.02,,-100.23,,,,
-32.78,32.78,0.02,,-98.34,,,,
-31.47,31.47,0.02,,-94.41,,,,
-29.53,29.53,0.02,,-88.59,,,,
-27.16,27.16,0.02,,-81.48,,,,
-24.34,24.34,0.02,,-73.02,,,,
-21.09,21.09,0.02,,-63.27,,,,
-17.53,17.53,0.02,,-52.59,,,,
-13.78,13.78,0.02,,-41.34,,,,
-9.97,9.97,0.02,,-29.91,,,,
-6.03,6.03,0.02,,-18.09,,,,
-3.97,3.97,0.02,,-11.91,,,,
0.03,-0.03,0.02,,0.09,,,,
3.72,-3.72,0.02,,11.16,,,,
7.09,-7.09,0.02,,21.27,,,,
8.72,-8.72,0.02,,26.16,,,,
11.53,-11.53,0.02,,34.59,,,,
13.53,-13.53,0.02,,40.59,,,,
15.03,-15.03,0.02,,45.09,,,,
15.84,-15.84,0.02,,47.52,,,,
15.78,-15.78,0.02,,47.34,,,,
15.09,-15.09,0.02,,45.27,,,,
13.59,-13.59,0.02,,40.77,,,,
11.47,-11.47,0.02,,34.41,,,,
8.59,-8.59,0.02,,25.77,,,,
5.16,-5.16,0.02,,15.48,,,,
3.41,-3.41,0.02,,10.23,,,,
-0.72,0.72,0.02,,-2.16,,,,
-5.16,5.16,0.02,,-15.48,,,,
-9.78,9.78,0.02,,-29.34,,,,
-12.16,12.16,0.02,,-36.48,,,,
-16.72,16.72,0.02,,-50.16,,,,
-21.16,21.16,0.02,,-63.48,,,,
-25.41,25.41,0.02,,-76.23,,,,
-29.16,29.16,0.02,,-87.48,,,,
-32.47,32.47,0.02,,-97.41,,,,
-35.22,35.22,0.02,,-105.66,,,,
-37.28,37.28,0.02,,-111.84,,,,
-39.16,39.16,0.02,,-117.48,,,,
-40.28,40.28,0.02,,-120.84,,,,
-41.1,41.1,0.02,,-123.3,,,,
-41.28,41.28,0.02,,-123.84,,,,
-40.85,40.85,0.02,,-122.55,,,,
-39.6,39.6,0.02,,-118.8,,,,
-37.72,37.72,0.02,,-113.16,,,,
-35.1,35.1,0.02,,-105.3,,,,
-32.03,32.03,0.02,,-96.09,,,,
-28.34,28.34,0.02,,-85.02,,,,
-24.16,24.16,0.02,,-72.48,,,,
-19.84,19.84,0.02,,-59.52,,,,
-15.35,15.35,0.02,,-46.05,,,,
-10.47,10.47,0.02,,-31.41,,,,
-5.91,5.91,0.02,,-17.73,,,,
-1.03,1.03,0.02,,-3.09,,,,
1.28,-1.28,0.02,,3.84,,,,
5.66,-5.66,0.02,,16.98,,,,
9.53,-9.53,0.02,,28.59,,,,
13.03,-13.03,0.02,,39.09,,,,
15.65,-15.65,0.02,,46.95,,,,
17.78,-17.78,0.02,,53.34,,,,
18.97,-18.97,0.02,,56.91,,,,
19.4,-19.4,0.02,,58.2,,,,
19.53,-19.53,0.02,,58.59,,,,
18.9,-18.9,0.02,,56.7,,,,
17.53,-17.53,0.02,,52.59,,,,
15.4,-15.4,0.02,,46.2,,,,
12.47,-12.47,0.02,,37.41,,,,
9.09,-9.09,0.02,,27.27,,,,
5.16,-5.16,0.02,,15.48,,,,
0.97,-0.97,0.02,,2.91,,,,
-3.47,3.47,0.02,,-10.41,,,,
-5.97,5.97,0.02,,-17.91,,,,
-10.6,10.6,0.02,,-31.8,,,,
-15.35,15.35,0.02,,-46.05,,,,
-19.78,19.78,0.02,,-59.34,,,,
-24.09,24.09,0.02,,-72.27,,,,
-27.91,27.91,0.02,,-83.73,,,,
-31.16,31.16,0.02,,-93.48,,,,
-33.91,33.91,0.02,,-101.73,,,,
-35.85,35.85,0.02,,-107.55,,,,
-37.6,37.6,0.02,,-112.8,,,,
-38.6,38.6,0.02,,-115.8,,,,
-39.22,39.22,0.02,,-117.66,,,,
-39.47,39.47,0.02,,-118.41,,,,
-39.35,39.35,0.02,,-118.05,,,,
-38.6,38.6,0.02,,-115.8,,,,
-37.16,37.16,0.02,,-111.48,,,,
-35.1,35.1,0.02,,-105.3,,,,
-32.53,32.53,0.02,,-97.59,,,,
-29.22,29.22,0.02,,-87.66,,,,
-25.34,25.34,0.02,,-76.02,,,,
-21.28,21.28,0.02,,-63.84,,,,
-19.09,19.09,0.02,,-57.27,,,,
-14.66,14.66,0.02,,-43.98,,,,
-10.1,10.1,0.02,,-30.3,,,,
-5.41,5.41,0.02,,-16.23,,,,
-0.78,0.78,0.02,,-2.34,,,,
3.59,-3.59,0.02,,10.77,,,,
7.78,-7.78,0.02,,23.34,,,,
9.65,-9.65,0.02,,28.95,,,,
13.15,-13.15,0.02,,39.45,,,,
16.15,-16.15,0.02,,48.45,,,,
18.28,-18.28,0.02,,54.84,,,,
19.9,-19.9,0.02,,59.7,,,,
20.65,-20.65,0.02,,61.95,,,,
20.72,-20.72,0.02,,62.16,,,,
20.15,-20.15,0.02,,60.45,,,,
18.78,-18.78,0.02,,56.34,,,,
16.65,-16.65,0.02,,49.95,,,,
13.9,-13.9,0.02,,41.7,,,,
10.84,-10.84,0.02,,32.52,,,,
7.22,-7.22,0.02,,21.66,,,,
3.09,-3.09,0.02,,9.27,,,,
1.09,-1.09,0.02,,3.27,,,,
-3.1,3.1,0.02,,-9.3,,,,
-7.59,7.59,0.02,,-22.77,,,,
-11.91,11.91,0.02,,-35.73,,,,
-15.97,15.97,0.02,,-47.91,,,,
-19.72,19.72,0.02,,-59.16,,,,
-22.97,22.97,0.02,,-68.91,,,,
-25.66,25.66,0.02,,-76.98,,,,
-27.59,27.59,0.02,,-82.77,,,,
-28.41,28.41,0.02,,-85.23,,,,
-29.97,29.97,0.02,,-89.91,,,,
-30.78,30.78,0.02,,-92.34,,,,
-31.22,31.22,0.02,,-93.66,,,,
-31.34,31.34,0.02,,-94.02,,,,
-31.22,31.22,0.02,,-93.66,,,,
-30.47,30.47,0.02,,-91.41,,,,
-28.97,28.97,0.02,,-86.91,,,,
-26.84,26.84,0.02,,-80.52,,,,
-24.16,24.16,0.02,,-72.48,,,,
-20.91,20.91,0.02,,-62.73,,,,
-17.03,17.03,0.02,,-51.09,,,,
-13.03,13.03,0.02,,-39.09,,,,
-8.78,8.78,0.02,,-26.34,,,,
-4.34,4.34,0.02,,-13.02,,,,
0.03,-0.03,0.02,,0.09,,,,
2.09,-2.09,0.02,,6.27,,,,
6.28,-6.28,0.02,,18.84,,,,
10.09,-10.09,0.02,,30.27,,,,
13.47,-13.47,0.02,,40.41,,,,
16.47,-16.47,0.02,,49.41,,,,
18.59,-18.59,0.02,,55.77,,,,
20.09,-20.09,0.02,,60.27,,,,
20.84,-20.84,0.02,,62.52,,,,
20.78,-20.78,0.02,,62.34,,,,
20.09,-20.09,0.02,,60.27,,,,
18.53,-18.53,0.02,,55.59,,,,
16.22,-16.22,0.02,,48.66,,,,
13.34,-13.34,0.02,,40.02,,,,
9.9,-9.9,0.02,,29.7,,,,
7.91,-7.91,0.02,,23.73,,,,
3.84,-3.84,0.02,,11.52,,,,
-0.41,0.41,0.02,,-1.23,,,,
-4.91,4.91,0.02,,-14.73,,,,
-7.22,7.22,0.02,,-21.66,,,,
-11.66,11.66,0.02,,-34.98,,,,
-15.97,15.97,0.02,,-47.91,,,,
-19.84,19.84,0.02,,-59.52,,,,
-23.28,23.28,0.02,,-69.84,,,,
-26.16,26.16,0.02,,-78.48,,,,
-28.47,28.47,0.02,,-85.41,,,,
-30.09,30.09,0.02,,-90.27,,,,
-31.03,31.03,0.02,,-93.09,,,,
-31.84,31.84,0.02,,-95.52,,,,
-31.84,31.84,0.02,,-95.52,,,,
-31.53,31.53,0.02,,-94.59,,,,
-30.84,30.84,0.02,,-92.52,,,,
-29.84,29.84,0.02,,-89.52,,,,
-28.28,28.28,0.02,,-84.84,,,,
-26.09,26.09,0.02,,-78.27,,,,
-23.59,23.59,0.02,,-70.77,,,,
-20.28,20.28,0.02,,-60.84,,,,
-16.53,16.53,0.02,,-49.59,,,,
-12.53,12.53,0.02,,-37.59,,,,
-8.28,8.28,0.02,,-24.84,,,,
-6.22,6.22,0.02,,-18.66,,,,
-2.1,2.1,0.02,,-6.3,,,,
1.84,-1.84,0.02,,5.52,,,,
5.66,-5.66,0.02,,16.98,,,,
7.28,-7.28,0.02,,21.84,,,,
10.47,-10.47,0.02,,31.41,,,,
12.9,-12.9,0.02,,38.7,,,,
14.65,-14.65,0.02,,43.95,,,,
15.65,-15.65,0.02,,46.95,,,,
15.9,-15.9,0.02,,47.7,,,,
15.34,-15.34,0.02,,46.02,,,,
14.09,-14.09,0.02,,42.27,,,,
12.15,-12.15,0.02,,36.45,,,,
9.72,-9.72,0.02,,29.16,,,,
6.66,-6.66,0.02,,19.98,,,,
5.03,-5.03,0.02,,15.09,,,,
1.4,-1.4,0.02,,4.2,,,,
-2.6,2.6,0.02,,-7.8,,,,
-6.66,6.66,0.02,,-19.98,,,,
-8.66,8.66,0.02,,-25.98,,,,
-12.66,12.66,0.02,,-37.98,,,,
-16.59,16.59,0.02,,-49.77,,,,
-20.09,20.09,0.02,,-60.27,,,,
-23.28,23.28,0.02,,-69.84,,,,
-25.97,25.97,0.02,,-77.91,,,,
-28.09,28.09,0.02,,-84.27,,,,
-29.66,29.66,0.02,,-88.98,,,,
-31.03,31.03,0.02,,-93.09,,,,
-31.78,31.78,0.02,,-95.34,,,,
-32.22,32.22,0.02,,-96.66,,,,
-32.22,32.22,0.02,,-96.66,,,,
-31.72,31.72,0.02,,-95.16,,,,
-30.72,30.72,0.02,,-92.16,,,,
-29.16,29.16,0.02,,-87.48,,,,
-26.91,26.91,0.02,,-80.73,,,,
-24.09,24.09,0.02,,-72.27,,,,
-20.97,20.97,0.02,,-62.91,,,,
-17.34,17.34,0.02,,-52.02,,,,
-13.6,13.6,0.02,,-40.8,,,,
-9.72,9.72,0.02,,-29.16,,,,
-7.72,7.72,0.02,,-23.16,,,,
-3.66,3.66,0.02,,-10.98,,,,
0.28,-0.28,0.02,,0.84,,,,
3.97,-3.97,0.02,,11.91,,,,
5.72,-5.72,0.02,,17.16,,,,
9.03,-9.03,0.02,,27.09,,,,
11.84,-11.84,0.02,,35.52,,,,
14.22,-14.22,0.02,,42.66,,,,
15.9,-15.9,0.02,,47.7,,,,
16.97,-16.97,0.02,,50.91,,,,
17.4,-17.4,0.02,,52.2,,,,
17.09,-17.09,0.02,,51.27,,,,
16.09,-16.09,0.02,,48.27,,,,
14.34,-14.34,0.02,,43.02,,,,
12.03,-12.03,0.02,,36.09,,,,
9.22,-9.22,0.02,,27.66,,,,
7.47,-7.47,0.02,,22.41,,,,
3.97,-3.97,0.02,,11.91,,,,
0.09,-0.09,0.02,,0.27,,,,
-4.09,4.09,0.02,,-12.27,,,,
-6.16,6.16,0.02,,-18.48,,,,
-10.41,10.41,0.02,,-31.23,,,,
-14.66,14.66,0.02,,-43.98,,,,
-18.72,18.72,0.02,,-56.16,,,,
-22.34,22.34,0.02,,-67.02,,,,
-25.53,25.53,0.02,,-76.59,,,,
-28.09,28.09,0.02,,-84.27,,,,
-30.03,30.03,0.02,,-90.09,,,,
-31.41,31.41,0.02,,-94.23,,,,
-32.66,32.66,0.02,,-97.98,,,,
-33.41,33.41,0.02,,-100.23,,,,
-33.66,33.66,0.02,,-100.98,,,,
-33.53,33.53,0.02,,-100.59,,,,
-33.1,33.1,0.02,,-99.3,,,,
-32.22,32.22,0.02,,-96.66,,,,
-30.53,30.53,0.02,,-91.59,,,,
-28.22,28.22,0.02,,-84.66,,,,
-25.41,25.41,0.02,,-76.23,,,,
-22.03,22.03,0.02,,-66.09,,,,
-18.28,18.28,0.02,,-54.84,,,,
-14.41,14.41,0.02,,-43.23,,,,
-10.22,10.22,0.02,,-30.66,,,,
-6.03,6.03,0.02,,-18.09,,,,
-3.91,3.91,0.02,,-11.73,,,,
0.28,-0.28,0.02,,0.84,,,,
4.22,-4.22,0.02,,12.66,,,,
7.84,-7.84,0.02,,23.52,,,,
9.65,-9.65,0.02,,28.95,,,,
12.59,-12.59,0.02,,37.77,,,,
14.9,-14.9,0.02,,44.7,,,,
16.65,-16.65,0.02,,49.95,,,,
17.65,-17.65,0.02,,52.95,,,,
17.97,-17.97,0.02,,53.91,,,,
17.72,-17.72,0.02,,53.16,,,,
16.72,-16.72,0.02,,50.16,,,,
15.15,-15.15,0.02,,45.45,,,,
13.03,-13.03,0.02,,39.09,,,,
10.28,-10.28,0.02,,30.84,,,,
7.22,-7.22,0.02,,21.66,,,,
3.72,-3.72,0.02,,11.16,,,,
1.9,-1.9,0.02,,5.7,,,,
-1.78,1.78,0.02,,-5.34,,,,
-5.72,5.72,0.02,,-17.16,,,,
-9.47,9.47,0.02,,-28.41,,,,
-11.41,11.41,0.02,,-34.23,,,,
-14.85,14.85,0.02,,-44.55,,,,
-18.09,18.09,0.02,,-54.27,,,,
-20.84,20.84,0.02,,-62.52,,,,
-23.03,23.03,0.02,,-69.09,,,,
-24.72,24.72,0.02,,-74.16,,,,
-25.91,25.91,0.02,,-77.73,,,,
-26.91,26.91,0.02,,-80.73,,,,
-27.34,27.34,0.02,,-82.02,,,,
-27.41,27.41,0.02,,-82.23,,,,
-27.16,27.16,0.02,,-81.48,,,,
-26.53,26.53,0.02,,-79.59,,,,
-25.34,25.34,0.02,,-76.02,,,,
-23.53,23.53,0.02,,-70.59,,,,
-21.22,21.22,0.02,,-63.66,,,,
-18.28,18.28,0.02,,-54.84,,,,
-14.97,14.97,0.02,,-44.91,,,,
-11.41,11.41,0.02,,-34.23,,,,
-7.47,7.47,0.02,,-22.41,,,,
-3.66,3.66,0.02,,-10.98,,,,
-1.72,1.72,0.02,,-5.16,,,,
2.09,-2.09,0.02,,6.27,,,,
5.72,-5.72,0.02,,17.16,,,,
9.09,-9.09,0.02,,27.27,,,,
10.72,-10.72,0.02,,32.16,,,,
13.4,-13.4,0.02,,40.2,,,,
15.53,-15.53,0.02,,46.59,,,,
17.15,-17.15,0.02,,51.45,,,,
18.03,-18.03,0.02,,54.09,,,,
18.15,-18.15,0.02,,54.45,,,,
17.72,-17.72,0.02,,53.16,,,,
16.53,-16.53,0.02,,49.59,,,,
14.72,-14.72,0.02,,44.16,,,,
12.34,-12.34,0.02,,37.02,,,,
9.15,-9.15,0.02,,27.45,,,,
5.72,-5.72,0.02,,17.16,,,,
1.72,-1.72,0.02,,5.16,,,,
-0.35,0.35,0.02,,-1.05,,,,
-4.78,4.78,0.02,,-14.34,,,,
-9.16,9.16,0.02,,-27.48,,,,
-13.41,13.41,0.02,,-40.23,,,,
-17.47,17.47,0.02,,-52.41,,,,
-19.28,19.28,0.02,,-57.84,,,,
-22.78,22.78,0.02,,-68.34,,,,
-25.78,25.78,0.02,,-77.34,,,,
-28.28,28.28,0.02,,-84.84,,,,
-30.03,30.03,0.02,,-90.09,,,,
-31.34,31.34,0.02,,-94.02,,,,
-32.28,32.28,0.02,,-96.84,,,,
-32.66,32.66,0.02,,-97.98,,,,
-32.72,32.72,0.02,,-98.16,,,,
-32.41,32.41,0.02,,-97.23,,,,
-31.59,31.59,0.02,,-94.77,,,,
-30.22,30.22,0.02,,-90.66,,,,
-28.22,28.22,0.02,,-84.66,,,,
-25.59,25.59,0.02,,-76.77,,,,
-22.53,22.53,0.02,,-67.59,,,,
-18.91,18.91,0.02,,-56.73,,,,
-15.03,15.03,0.02,,-45.09,,,,
-11.03,11.03,0.02,,-33.09,,,,
-6.97,6.97,0.02,,-20.91,,,,
-2.85,2.85,0.02,,-8.55,,,,
-0.78,0.78,0.02,,-2.34,,,,
3.22,-3.22,0.02,,9.66,,,,
6.91,-6.91,0.02,,20.73,,,,
10.15,-10.15,0.02,,30.45,,,,
12.84,-12.84,0.02,,38.52,,,,
14.9,-14.9,0.02,,44.7,,,,
16.47,-16.47,0.02,,49.41,,,,
17.15,-17.15,0.02,,51.45,,,,
17.15,-17.15,0.02,,51.45,,,,
16.4,-16.4,0.02,,49.2,,,,
14.78,-14.78,0.02,,44.34,,,,
13.84,-13.84,0.02,,41.52,,,,
11.15,-11.15,0.02,,33.45,,,,
7.97,-7.97,0.02,,23.91,,,,
4.22,-4.22,0.02,,12.66,,,,
0.03,-0.03,0.02,,0.09,,,,
-4.47,4.47,0.02,,-13.41,,,,
-6.97,6.97,0.02,,-20.91,,,,
-11.78,11.78,0.02,,-35.34,,,,
-16.66,16.66,0.02,,-49.98,,,,
-21.53,21.53,0.02,,-64.59,,,,
-26.16,26.16,0.02,,-78.48,,,,
-30.41,30.41,0.02,,-91.23,,,,
-34.35,34.35,0.02,,-103.05,,,,
-37.72,37.72,0.02,,-113.16,,,,
-40.6,40.6,0.02,,-121.8,,,,
-42.97,42.97,0.02,,-128.91,,,,
-44.85,44.85,0.02,,-134.55,,,,
-46.35,46.35,0.02,,-139.05,,,,
-47.47,47.47,0.02,,-142.41,,,,
-48.1,48.1,0.02,,-144.3,,,,
-48.03,48.03,0.02,,-144.09,,,,
-47.41,47.41,0.02,,-142.23,,,,
-46.1,46.1,0.02,,-138.3,,,,
-44.03,44.03,0.02,,-132.09,,,,
-41.28,41.28,0.02,,-123.84,,,,
-38.03,38.03,0.02,,-114.09,,,,
-34.28,34.28,0.02,,-102.84,,,,
-30.09,30.09,0.02,,-90.27,,,,
-25.72,25.72,0.02,,-77.16,,,,
-21.03,21.03,0.02,,-63.09,,,,
-15.97,15.97,0.02,,-47.91,,,,
-13.28,13.28,0.02,,-39.84,,,,
-8.22,8.22,0.02,,-24.66,,,,
-3.16,3.16,0.02,,-9.48,,,,
1.78,-1.78,0.02,,5.34,,,,
6.22,-6.22,0.02,,18.66,,,,
8.34,-8.34,0.02,,25.02,,,,
12.15,-12.15,0.02,,36.45,,,,
15.4,-15.4,0.02,,46.2,,,,
18.03,-18.03,0.02,,54.09,,,,
19.97,-19.97,0.02,,59.91,,,,
21.09,-21.09,0.02,,63.27,,,,
21.4,-21.4,0.02,,64.2,,,,
20.9,-20.9,0.02,,62.7,,,,
19.59,-19.59,0.02,,58.77,,,,
17.59,-17.59,0.02,,52.77,,,,
14.84,-14.84,0.02,,44.52,,,,
11.47,-11.47,0.02,,34.41,,,,
7.78,-7.78,0.02,,23.34,,,,
3.72,-3.72,0.02,,11.16,,,,
1.4,-1.4,0.02,,4.2,,,,
-2.97,2.97,0.02,,-8.91,,,,
-7.53,7.53,0.02,,-22.59,,,,
-12.28,12.28,0.02,,-36.84,,,,
-16.72,16.72,0.02,,-50.16,,,,
-20.97,20.97,0.02,,-62.91,,,,
-24.72,24.72,0.02,,-74.16,,,,
-27.97,27.97,0.02,,-83.91,,,,
-30.59,30.59,0.02,,-91.77,,,,
-32.6,32.6,0.02,,-97.8,,,,
-33.35,33.35,0.02,,-100.05,,,,
-34.72,34.72,0.02,,-104.16,,,,
-35.35,35.35,0.02,,-106.05,,,,
-35.66,35.66,0.02,,-106.98,,,,
-35.66,35.66,0.02,,-106.98,,,,
-35.22,35.22,0.02,,-105.66,,,,
-34.22,34.22,0.02,,-102.66,,,,
-32.6,32.6,0.02,,-97.8,,,,
-30.47,30.47,0.02,,-91.41,,,,
-27.59,27.59,0.02,,-82.77,,,,
-24.16,24.16,0.02,,-72.48,,,,
-20.41,20.41,0.02,,-61.23,,,,
-16.22,16.22,0.02,,-48.66,,,,
-11.85,11.85,0.02,,-35.55,,,,
-7.53,7.53,0.02,,-22.59,,,,
-3.1,3.1,0.02,,-9.3,,,,
1.28,-1.28,0.02,,3.84,,,,
3.41,-3.41,0.02,,10.23,,,,
7.28,-7.28,0.02,,21.84,,,,
10.78,-10.78,0.02,,32.34,,,,
13.65,-13.65,0.02,,40.95,,,,
16.03,-16.03,0.02,,48.09,,,,
17.65,-17.65,0.02,,52.95,,,,
18.65,-18.65,0.02,,55.95,,,,
18.9,-18.9,0.02,,56.7,,,,
18.28,-18.28,0.02,,54.84,,,,
17.03,-17.03,0.02,,51.09,,,,
14.9,-14.9,0.02,,44.7,,,,
12.09,-12.09,0.02,,36.27,,,,
8.59,-8.59,0.02,,25.77,,,,
6.66,-6.66,0.02,,19.98,,,,
2.34,-2.34,0.02,,7.02,,,,
-2.16,2.16,0.02,,-6.48,,,,
-6.84,6.84,0.02,,-20.52,,,,
-9.41,9.41,0.02,,-28.23,,,,
-14.22,14.22,0.02,,-42.66,,,,
-18.72,18.72,0.02,,-56.16,,,,
-23.16,23.16,0.02,,-69.48,,,,
-27.03,27.03,0.02,,-81.09,,,,
-29.97,29.97,0.02,,-89.91,,,,
-32.35,32.35,0.02,,-97.05,,,,
-33.85,33.85,0.02,,-101.55,,,,
-34.66,34.66,0.02,,-103.98,,,,
-35.28,35.28,0.02,,-105.84,,,,
-35.16,35.16,0.02,,-105.48,,,,
-34.6,34.6,0.02,,-103.8,,,,
-33.6,33.6,0.02,,-100.8,,,,
-32.1,32.1,0.02,,-96.3,,,,
-30.03,30.03,0.02,,-90.09,,,,
-27.47,27.47,0.02,,-82.41,,,,
-24.41,24.41,0.02,,-73.23,,,,
-20.78,20.78,0.02,,-62.34,,,,
-16.66,16.66,0.02,,-49.98,,,,
-12.41,12.41,0.02,,-37.23,,,,
-8.03,8.03,0.02,,-24.09,,,,
-5.84,5.84,0.02,,-17.52,,,,
-1.66,1.66,0.02,,-4.98,,,,
2.34,-2.34,0.02,,7.02,,,,
6.09,-6.09,0.02,,18.27,,,,
7.78,-7.78,0.02,,23.34,,,,
10.84,-10.84,0.02,,32.52,,,,
13.34,-13.34,0.02,,40.02,,,,
15.28,-15.28,0.02,,45.84,,,,
16.4,-16.4,0.02,,49.2,,,,
16.84,-16.84,0.02,,50.52,,,,
16.53,-16.53,0.02,,49.59,,,,
15.59,-15.59,0.02,,46.77,,,,
13.9,-13.9,0.02,,41.7,,,,
11.53,-11.53,0.02,,34.59,,,,
8.72,-8.72,0.02,,26.16,,,,
5.22,-5.22,0.02,,15.66,,,,
3.41,-3.41,0.02,,10.23,,,,
-0.6,0.6,0.02,,-1.8,,,,
-4.84,4.84,0.02,,-14.52,,,,
-9.16,9.16,0.02,,-27.48,,,,
-11.35,11.35,0.02,,-34.05,,,,
-15.66,15.66,0.02,,-46.98,,,,
-19.59,19.59,0.02,,-58.77,,,,
-23.22,23.22,0.02,,-69.66,,,,
-26.34,26.34,0.02,,-79.02,,,,
-28.97,28.97,0.02,,-86.91,,,,
-30.91,30.91,0.02,,-92.73,,,,
-32.16,32.16,0.02,,-96.48,,,,
-33.03,33.03,0.02,,-99.09,,,,
-33.35,33.35,0.02,,-100.05,,,,
-33.22,33.22,0.02,,-99.66,,,,
-32.53,32.53,0.02,,-97.59,,,,
-31.41,31.41,0.02,,-94.23,,,,
-29.59,29.59,0.02,,-88.77,,,,
-27.34,27.34,0.02,,-82.02,,,,
-24.34,24.34,0.02,,-73.02,,,,
-20.78,20.78,0.02,,-62.34,,,,
-16.91,16.91,0.02,,-50.73,,,,
-12.47,12.47,0.02,,-37.41,,,,
-7.84,7.84,0.02,,-23.52,,,,
-3.22,3.22,0.02,,-9.66,,,,
-1.03,1.03,0.02,,-3.09,,,,
3.28,-3.28,0.02,,9.84,,,,
7.47,-7.47,0.02,,22.41,,,,
11.22,-11.22,0.02,,33.66,,,,
14.47,-14.47,0.02,,43.41,,,,
17.15,-17.15,0.02,,51.45,,,,
18.28,-18.28,0.02,,54.84,,,,
19.9,-19.9,0.02,,59.7,,,,
20.97,-20.97,0.02,,62.91,,,,
21.03,-21.03,0.02,,63.09,,,,
20.47,-20.47,0.02,,61.41,,,,
19.15,-19.15,0.02,,57.45,,,,
17.15,-17.15,0.02,,51.45,,,,
14.4,-14.4,0.02,,43.2,,,,
11.09,-11.09,0.02,,33.27,,,,
7.28,-7.28,0.02,,21.84,,,,
2.97,-2.97,0.02,,8.91,,,,
-1.66,1.66,0.02,,-4.98,,,,
-3.85,3.85,0.02,,-11.55,,,,
-8.72,8.72,0.02,,-26.16,,,,
-13.47,13.47,0.02,,-40.41,,,,
-18.22,18.22,0.02,,-54.66,,,,
-22.47,22.47,0.02,,-67.41,,,,
-26.28,26.28,0.02,,-78.84,,,,
-29.53,29.53,0.02,,-88.59,,,,
-32.1,32.1,0.02,,-96.3,,,,
-33.97,33.97,0.02,,-101.91,,,,
-35.03,35.03,0.02,,-105.09,,,,
-35.91,35.91,0.02,,-107.73,,,,
-35.97,35.97,0.02,,-107.91,,,,
-35.66,35.66,0.02,,-106.98,,,,
-34.85,34.85,0.02,,-104.55,,,,
-33.6,33.6,0.02,,-100.8,,,,
-31.78,31.78,0.02,,-95.34,,,,
-29.34,29.34,0.02,,-88.02,,,,
-26.34,26.34,0.02,,-79.02,,,,
-22.78,22.78,0.02,,-68.34,,,,
-20.91,20.91,0.02,,-62.73,,,,
-16.66,16.66,0.02,,-49.98,,,,
-12.53,12.53,0.02,,-37.59,,,,
-8.35,8.35,0.02,,-25.05,,,,
-4.16,4.16,0.02,,-12.48,,,,
-0.22,0.22,0.02,,-0.66,,,,
3.34,-3.34,0.02,,10.02,,,,
5.09,-5.09,0.02,,15.27,,,,
7.97,-7.97,0.02,,23.91,,,,
10.34,-10.34,0.02,,31.02,,,,
12.09,-12.09,0.02,,36.27,,,,
13.22,-13.22,0.02,,39.66,,,,
13.53,-13.53,0.02,,40.59,,,,
13.22,-13.22,0.02,,39.66,,,,
12.15,-12.15,0.02,,36.45,,,,
10.4,-10.4,0.02,,31.2,,,,
8.03,-8.03,0.02,,24.09,,,,
6.72,-6.72,0.02,,20.16,,,,
3.59,-3.59,0.02,,10.77,,,,
0.03,-0.03,0.02,,0.09,,,,
-3.78,3.78,0.02,,-11.34,,,,
-7.91,7.91,0.02,,-23.73,,,,
-10.22,10.22,0.02,,-30.66,,,,
-14.41,14.41,0.02,,-43.23,,,,
-18.59,18.59,0.02,,-55.77,,,,
-22.59,22.59,0.02,,-67.77,,,,
-26.22,26.22,0.02,,-78.66,,,,
-29.47,29.47,0.02,,-88.41,,,,
-32.16,32.16,0.02,,-96.48,,,,
-34.35,34.35,0.02,,-103.05,,,,
-36.22,36.22,0.02,,-108.66,,,,
-37.41,37.41,0.02,,-112.23,,,,
-38.22,38.22,0.02,,-114.66,,,,
-38.53,38.53,0.02,,-115.59,,,,
-38.35,38.35,0.02,,-115.05,,,,
-37.47,37.47,0.02,,-112.41,,,,
-35.85,35.85,0.02,,-107.55,,,,
-33.47,33.47,0.02,,-100.41,,,,
-30.59,30.59,0.02,,-91.77,,,,
-27.09,27.09,0.02,,-81.27,,,,
-22.91,22.91,0.02,,-68.73,,,,
-18.41,18.41,0.02,,-55.23,,,,
-13.66,13.66,0.02,,-40.98,,,,
-8.78,8.78,0.02,,-26.34,,,,
-6.34,6.34,0.02,,-19.02,,,,
-1.22,1.22,0.02,,-3.66,,,,
3.72,-3.72,0.02,,11.16,,,,
8.34,-8.34,0.02,,25.02,,,,
10.53,-10.53,0.02,,31.59,,,,
14.59,-14.59,0.02,,43.77,,,,
18.09,-18.09,0.02,,54.27,,,,
20.84,-20.84,0.02,,62.52,,,,
22.9,-22.9,0.02,,68.7,,,,
24.4,-24.4,0.02,,73.2,,,,
25.09,-25.09,0.02,,75.27,,,,
25.03,-25.03,0.02,,75.09,,,,
24.09,-24.09,0.02,,72.27,,,,
22.4,-22.4,0.02,,67.2,,,,
19.97,-19.97,0.02,,59.91,,,,
17.03,-17.03,0.02,,51.09,,,,
13.59,-13.59,0.02,,40.77,,,,
9.53,-9.53,0.02,,28.59,,,,
5.28,-5.28,0.02,,15.84,,,,
0.84,-0.84,0.02,,2.52,,,,
-1.35,1.35,0.02,,-4.05,,,,
-5.91,5.91,0.02,,-17.73,,,,
-10.16,10.16,0.02,,-30.48,,,,
-14.35,14.35,0.02,,-43.05,,,,
